時間,動作,變動欄位,發布日期,機關,標題,sid,網址
2026-09-12 21:09,下架,頁面已經開不起來,2015-03-02,臺北市政府民政局戶籍行政科,國民身分證統一編號疑似重複案件處理方式,117EFBF105909D5B,https://www.gov.taipei/News_Content.aspx?n=EEC70A4186D4C828&sms=87415A8B9CE81B16&s=117EFBF105909D5B
2026-09-12 21:09,下架,頁面已經開不起來,2017-03-31,臺北市立聯合醫院,請問肺結核剛開始有什麼症狀？,27DD7D889997305F,https://www.gov.taipei/News_Content.aspx?n=EEC70A4186D4C828&sms=87415A8B9CE81B16&s=27DD7D889997305F
2026-09-12 21:09,下架,頁面已經開不起來,2026-09-09,臺北市孔廟管理委員會,臺北孔廟928祭孔大典參禮證「個人索取」今日已全數發完，敬造不便，敬請見諒！,6DF226EE626388F3,https://www.gov.taipei/News_Content.aspx?n=EEC70A4186D4C828&sms=87415A8B9CE81B16&s=6DF226EE626388F3
2026-09-12 21:09,下架,頁面已經開不起來,2021-10-21,臺北市政府人事處任用科,曾擔任公務機關約用人員職務，考上公務人員考試，其約用年資可否提敘？,B20519B5EBCF5B7B,https://www.gov.taipei/News_Content.aspx?n=EEC70A4186D4C828&sms=87415A8B9CE81B16&s=B20519B5EBCF5B7B
2026-09-12 21:09,下架,頁面已經開不起來,2017-03-02,臺北市立聯合醫院,身心障礙者鑑定申請流程相關資訊,CD424551F8CD7B54,https://www.gov.taipei/News_Content.aspx?n=EEC70A4186D4C828&sms=87415A8B9CE81B16&s=CD424551F8CD7B54
2026-09-12 21:09,下架,頁面已經開不起來,2017-03-31,臺北市立聯合醫院,如何知道護理之家有無空床位可申請入住？,CFF78F668AF0F093,https://www.gov.taipei/News_Content.aspx?n=EEC70A4186D4C828&sms=87415A8B9CE81B16&s=CFF78F668AF0F093
2026-09-12 21:09,下架,頁面已經開不起來,2017-03-31,臺北市立聯合醫院,"若要入住護理之家,需等待多久？",D9650BD4127AADA4,https://www.gov.taipei/News_Content.aspx?n=EEC70A4186D4C828&sms=87415A8B9CE81B16&s=D9650BD4127AADA4
2026-09-12 21:09,下架,頁面已經開不起來,2026-09-03,臺北市孔廟管理委員會,臺北孔廟「參禮證」開放索取時間？有限量嗎？,E163FA228E5AC740,https://www.gov.taipei/News_Content.aspx?n=EEC70A4186D4C828&sms=87415A8B9CE81B16&s=E163FA228E5AC740
2026-09-12 21:09,下架,頁面已經開不起來,2026-08-28,臺北市政府文化局藝術發展科,本市南港區經貿⼆路235巷60弄與其255巷匕字交會道路範圍進行交通管制拍攝作業通告(115/9/4),E5F2770162DA0AE2,https://www.gov.taipei/News_Content.aspx?n=EEC70A4186D4C828&sms=87415A8B9CE81B16&s=E5F2770162DA0AE2
2026-09-12 21:11,新增,,2011-11-07,臺北市殯葬管理處,殯儀館所提供之禮堂使用時間多久？,EXT:https://farewell.mso.gov.taipei/publicinfo/Default/HallIndexl.htm?ccms_cs=1|殯儀館所提供之禮堂使用時間多久？,https://farewell.mso.gov.taipei/publicinfo/Default/HallIndexl.htm?ccms_cs=1
2026-09-13 00:58,異動,更新時間、檢視時間,2023-03-28,臺北市政府社會局身心障礙者福利科,失智長者如何申請個人衛星定位器補助？,03D4ECD776EDDFEE,https://www.gov.taipei/News_Content.aspx?n=EEC70A4186D4C828&sms=87415A8B9CE81B16&s=03D4ECD776EDDFEE
2026-09-13 00:58,異動,更新時間、檢視時間,2018-06-21,臺北市政府社會局身心障礙者福利科,如何申請身心障礙證明英文版?,07E2BDEAE60FB8D4,https://www.gov.taipei/News_Content.aspx?n=EEC70A4186D4C828&sms=87415A8B9CE81B16&s=07E2BDEAE60FB8D4
2026-09-15 03:24,新增,,2026-09-14,臺北市政府文化局藝術發展科,本市士林區雨聲街59巷道路範圍進行交通管制影視拍攝作業通告(115/10/26),A51219D7757CD8FB,https://www.gov.taipei/News_Content.aspx?n=EEC70A4186D4C828&sms=87415A8B9CE81B16&s=A51219D7757CD8FB
2026-09-15 03:24,異動,檢視時間,2012-12-28,臺北市政府勞動局就業安全科,雇主應如何避免違反禁止就業歧視之法律？,10152486454FFDC5,https://www.gov.taipei/News_Content.aspx?n=EEC70A4186D4C828&sms=87415A8B9CE81B16&s=10152486454FFDC5
2026-09-15 03:24,異動,檢視時間,2023-08-16,臺北市政府勞動局職業安全衛生科,臺北市外送平台業者管理自治條例對颱風發生時，有何規範？,10482B95DEC2B73A,https://www.gov.taipei/News_Content.aspx?n=EEC70A4186D4C828&sms=87415A8B9CE81B16&s=10482B95DEC2B73A
2026-09-15 03:24,異動,檢視時間,2024-03-01,臺北市政府勞動局就業安全科,如果雇主經調查，認定職場性騷擾案件成立，可以解僱性騷擾行為人嗎？,12546DF7E5CA67FE,https://www.gov.taipei/News_Content.aspx?n=EEC70A4186D4C828&sms=87415A8B9CE81B16&s=12546DF7E5CA67FE
2026-09-15 03:24,異動,檢視時間,2026-02-25,臺北市政府勞動局勞資關係科,若受僱者所選之減少工時期間在核銷日期之後，該如何申請「育兒減少工時不減薪計畫」補補助？,128B7EEB637E9D5D,https://www.gov.taipei/News_Content.aspx?n=EEC70A4186D4C828&sms=87415A8B9CE81B16&s=128B7EEB637E9D5D
2026-09-15 03:24,異動,檢視時間,2026-02-25,臺北市政府勞動局勞資關係科,兼職員工是否為「育兒減少工時不減薪計畫」補助對象？,13B8C32FE6C0759B,https://www.gov.taipei/News_Content.aspx?n=EEC70A4186D4C828&sms=87415A8B9CE81B16&s=13B8C32FE6C0759B
2026-09-15 03:24,異動,檢視時間,2024-07-19,臺北大眾捷運股份有限公司,如何在台北捷運Go首頁新增/刪除「常用站點」?,1447F9F42FF953FD,https://www.gov.taipei/News_Content.aspx?n=EEC70A4186D4C828&sms=87415A8B9CE81B16&s=1447F9F42FF953FD
2026-09-15 03:24,異動,檢視時間,2018-02-13,臺北市政府勞動局勞動基準科,1.考選部闈內工作之人員。2.立法院院長、副院長辦公室之技工、工友。3.立法院秘書長辦公室工友。4.總統、副總統辦公室工友。5.總統府秘書長辦公室工友。以上適用勞動基準法第84條之1工作者，其工時限制為何?,144EC80652CF6D39,https://www.gov.taipei/News_Content.aspx?n=EEC70A4186D4C828&sms=87415A8B9CE81B16&s=144EC80652CF6D39
2026-09-15 03:24,異動,檢視時間,2026-01-02,臺北大眾捷運股份有限公司,有優惠身分的旅客，可以使用信用卡或乘車碼搭車嗎?,149CEA20A9D988AB,https://www.gov.taipei/News_Content.aspx?n=EEC70A4186D4C828&sms=87415A8B9CE81B16&s=149CEA20A9D988AB
2026-09-15 03:24,異動,檢視時間,2008-08-11,臺北大眾捷運股份有限公司,北北基好玩卡「交通暢遊版」的種類為何?,152FF5863F550591,https://www.gov.taipei/News_Content.aspx?n=EEC70A4186D4C828&sms=87415A8B9CE81B16&s=152FF5863F550591
2026-09-15 03:24,異動,檢視時間,2012-12-27,臺北市政府勞動局勞資關係科,為什麼要設立勞工退休準備金？其法源依據為何？,15A454B10B71BAE8,https://www.gov.taipei/News_Content.aspx?n=EEC70A4186D4C828&sms=87415A8B9CE81B16&s=15A454B10B71BAE8
2026-09-15 03:24,異動,檢視時間,2012-12-28,臺北市政府勞動局就業安全科,我去應徵工作，老闆要我繳交身分證正本，可以嗎？,15C38936D5680ED3,https://www.gov.taipei/News_Content.aspx?n=EEC70A4186D4C828&sms=87415A8B9CE81B16&s=15C38936D5680ED3
2026-09-15 03:24,異動,檢視時間,2018-08-07,臺北市政府勞動局勞動基準科,颱風天經主管機關宣布停止上班時，事業單位應如何辦理勞工出勤管理及工資給付事宜？,15EEEC173190920E,https://www.gov.taipei/News_Content.aspx?n=EEC70A4186D4C828&sms=87415A8B9CE81B16&s=15EEEC173190920E
2026-09-15 03:24,異動,檢視時間,2020-09-01,臺北大眾捷運股份有限公司,用鳥籠裝寵物鳥，需注意哪些事項？,163ED46F0B293B72,https://www.gov.taipei/News_Content.aspx?n=EEC70A4186D4C828&sms=87415A8B9CE81B16&s=163ED46F0B293B72
2026-09-15 03:24,異動,檢視時間,2024-03-01,臺北市政府勞動局就業安全科,雇主受理職場性騷擾申訴案時，要怎麼找專業人才協助、調查呢？,1703FA7D7F4086DE,https://www.gov.taipei/News_Content.aspx?n=EEC70A4186D4C828&sms=87415A8B9CE81B16&s=1703FA7D7F4086DE
2026-09-15 03:24,異動,檢視時間,2024-09-20,臺北大眾捷運股份有限公司,參與活動取得的捷運點多久會匯入會員帳戶？,176AC89B41599EF0,https://www.gov.taipei/News_Content.aspx?n=EEC70A4186D4C828&sms=87415A8B9CE81B16&s=176AC89B41599EF0
2026-09-15 03:24,異動,檢視時間,2023-01-01,臺北市政府衛生局健康管理科,網路預約老人健康檢查準備什麼證件？,178295CA976B752D,https://www.gov.taipei/News_Content.aspx?n=EEC70A4186D4C828&sms=87415A8B9CE81B16&s=178295CA976B752D
2026-09-15 03:24,異動,檢視時間,2016-12-16,臺北市政府勞動局勞動基準科,例假與休息日之差別為何？,178F443EFBE2D863,https://www.gov.taipei/News_Content.aspx?n=EEC70A4186D4C828&sms=87415A8B9CE81B16&s=178F443EFBE2D863
2026-09-15 03:24,異動,檢視時間,2016-07-14,臺北市政府勞動局勞動基準科,雇主可以讓我連續上7天以上的班嗎？,17D9B071AF15375F,https://www.gov.taipei/News_Content.aspx?n=EEC70A4186D4C828&sms=87415A8B9CE81B16&s=17D9B071AF15375F
2026-09-15 03:24,異動,檢視時間,2023-01-01,臺北市政府衛生局健康管理科,免費老人健檢通知單還沒收到，可以預約嗎？,185C1FA80315C3F7,https://www.gov.taipei/News_Content.aspx?n=EEC70A4186D4C828&sms=87415A8B9CE81B16&s=185C1FA80315C3F7
2026-09-15 03:24,異動,檢視時間,2018-08-07,臺北市政府勞動局勞動基準科,事業單位因應天然災害發生(例如：颱風)，所生勞工出勤管理及工資給付問題是否有相關規範可以參照依循？,18FB49132744FCAA,https://www.gov.taipei/News_Content.aspx?n=EEC70A4186D4C828&sms=87415A8B9CE81B16&s=18FB49132744FCAA
2026-09-15 03:24,異動,檢視時間,2014-09-25,臺北市政府勞動局職業安全衛生科,職業安全衛生法第6條第2項第3款之「執行職務因他人行為遭受身體或精神不法侵害之預防」規定為何？,19ACF3871DB5BBE7,https://www.gov.taipei/News_Content.aspx?n=EEC70A4186D4C828&sms=87415A8B9CE81B16&s=19ACF3871DB5BBE7
2026-09-15 03:24,異動,檢視時間,2018-02-13,臺北市政府勞動局勞動基準科,18.法律服務業僱用之法務人員符合勞動基準法施行細則第五十條之一第二款規定者。19.電視業之發射站、中繼站及轉播站等外站台之工作人員。以上適用勞動基準法第84條之1工作者，其工時限制為何?,1A1E2DFA3FDCC987,https://www.gov.taipei/News_Content.aspx?n=EEC70A4186D4C828&sms=87415A8B9CE81B16&s=1A1E2DFA3FDCC987
2026-09-15 03:24,異動,檢視時間,2013-08-16,臺北市政府勞動局勞動基準科,勞工感染狂犬病應如何申請勞工保險相關給付？,1AE0674EE93DE5A8,https://www.gov.taipei/News_Content.aspx?n=EEC70A4186D4C828&sms=87415A8B9CE81B16&s=1AE0674EE93DE5A8
2026-09-15 03:24,異動,檢視時間,2020-03-23,臺北市政府社會局人民團體科,合作社申請應向何單位申請？,1AF935B8B489DE41,https://www.gov.taipei/News_Content.aspx?n=EEC70A4186D4C828&sms=87415A8B9CE81B16&s=1AF935B8B489DE41
2026-09-15 03:24,異動,檢視時間,2012-12-27,臺北市政府勞動局勞資關係科,事業單位勞工退休準備金資料變更時，是否需報請主管機關核備？,1B11D02F67147E03,https://www.gov.taipei/News_Content.aspx?n=EEC70A4186D4C828&sms=87415A8B9CE81B16&s=1B11D02F67147E03
2026-09-15 03:24,異動,檢視時間,2013-04-17,臺北市政府勞動局勞動基準科,時薪制勞工產假工資應如何計算？,1B1FC0E8F8314A81,https://www.gov.taipei/News_Content.aspx?n=EEC70A4186D4C828&sms=87415A8B9CE81B16&s=1B1FC0E8F8314A81
2026-09-15 03:24,異動,檢視時間,2016-01-28,臺北市政府勞動局勞資關係科,勞動基準法第56條第2項修法的目的是什麼？,1BEC00042ED44C82,https://www.gov.taipei/News_Content.aspx?n=EEC70A4186D4C828&sms=87415A8B9CE81B16&s=1BEC00042ED44C82
2026-09-15 03:24,異動,檢視時間,2012-12-28,臺北市政府勞動局勞動基準科,勞工請假規則規定是否包含本人或配偶的外祖父母？,1BF01728F8BDC217,https://www.gov.taipei/News_Content.aspx?n=EEC70A4186D4C828&sms=87415A8B9CE81B16&s=1BF01728F8BDC217
2026-09-15 03:24,異動,檢視時間,2014-12-26,臺北市政府勞動局勞動基準科,廣告業、美容業等共13類工作者，自104年1月1日起廢止適用勞動基準法第84條之1之規定。,1C3D11A41D5F5952,https://www.gov.taipei/News_Content.aspx?n=EEC70A4186D4C828&sms=87415A8B9CE81B16&s=1C3D11A41D5F5952
2026-09-15 03:24,異動,檢視時間,2018-02-13,臺北市政府勞動局勞動基準科,11.依教育法規辦理考試之闈內人員。以上適用勞動基準法第84條之1工作者，其工時限制為何?,1C838103B8642866,https://www.gov.taipei/News_Content.aspx?n=EEC70A4186D4C828&sms=87415A8B9CE81B16&s=1C838103B8642866
2026-09-15 03:24,異動,檢視時間,2008-09-03,臺北大眾捷運股份有限公司,何謂捷運與公車（不含里程收費公車）間雙向轉乘優惠？儲值卡各票種雙向轉乘優惠如何扣款？,1CDFC00134A98701,https://www.gov.taipei/News_Content.aspx?n=EEC70A4186D4C828&sms=87415A8B9CE81B16&s=1CDFC00134A98701
2026-09-15 03:24,異動,檢視時間,2008-06-01,臺北大眾捷運股份有限公司,為何不發售月臺票？,1D1B80B24CBC05BC,https://www.gov.taipei/News_Content.aspx?n=EEC70A4186D4C828&sms=87415A8B9CE81B16&s=1D1B80B24CBC05BC
2026-09-15 03:24,異動,檢視時間,2013-05-16,臺北市政府勞動局就業安全科,照護補助所指的照護人資格為何？,1D363BD39780E0C3,https://www.gov.taipei/News_Content.aspx?n=EEC70A4186D4C828&sms=87415A8B9CE81B16&s=1D363BD39780E0C3
2026-09-15 03:24,異動,檢視時間,2012-12-28,臺北市政府勞動局勞動基準科,勞工於休假日工作後依法取得加倍工資債權，得否經由勞資協商改以補休替代？,1D752365B19A873E,https://www.gov.taipei/News_Content.aspx?n=EEC70A4186D4C828&sms=87415A8B9CE81B16&s=1D752365B19A873E
2026-09-15 03:24,異動,檢視時間,2012-12-28,臺北市政府勞動局就業安全科,什麼是「宗教歧視」？,1DA63BFBFCC17EC0,https://www.gov.taipei/News_Content.aspx?n=EEC70A4186D4C828&sms=87415A8B9CE81B16&s=1DA63BFBFCC17EC0
2026-09-15 03:24,異動,檢視時間,2026-05-15,臺北大眾捷運股份有限公司,使用 QR 乘車碼搭乘捷運，是否適用交通部 TPASS 2.0 或 TPASS 2.0＋公共運輸常客優惠回饋？,1DE2403D72B21134,https://www.gov.taipei/News_Content.aspx?n=EEC70A4186D4C828&sms=87415A8B9CE81B16&s=1DE2403D72B21134
2026-09-15 03:24,異動,檢視時間,2017-01-24,臺北市政府勞動局勞資關係科,尾牙聚餐費用可動支職工福利金嗎？,1E27386CB9DCC072,https://www.gov.taipei/News_Content.aspx?n=EEC70A4186D4C828&sms=87415A8B9CE81B16&s=1E27386CB9DCC072
2026-09-15 03:24,異動,檢視時間,2024-08-05,臺北市政府勞動局勞動基準科,約定每日工作8小時，所以居家工作期間，勞工連續工作8小時（例如9:00~17:00），這樣可以嗎？,1F52A51C58625A34,https://www.gov.taipei/News_Content.aspx?n=EEC70A4186D4C828&sms=87415A8B9CE81B16&s=1F52A51C58625A34
2026-09-15 03:24,異動,檢視時間,2026-07-23,臺北市政府勞動局勞動教育文化科,如果申請人不符合本補助資格，是否還有其他政府相關補助可以協助減輕子女就學負擔？,1F56D4B1E485A5C1,https://www.gov.taipei/News_Content.aspx?n=EEC70A4186D4C828&sms=87415A8B9CE81B16&s=1F56D4B1E485A5C1
2026-09-15 03:24,異動,檢視時間,2024-04-08,臺北市政府勞動局就業安全科,雇主要怎樣申請超過5日之產檢假、陪產檢及陪產假之薪資補助？,1F90CE22A22A693E,https://www.gov.taipei/News_Content.aspx?n=EEC70A4186D4C828&sms=87415A8B9CE81B16&s=1F90CE22A22A693E
2026-09-15 03:24,異動,檢視時間,2024-03-01,臺北市政府勞動局就業安全科,勞工可以同時依性騷擾防治法第25條規定向行為人提出告訴嗎？,1F9FF78D55170150,https://www.gov.taipei/News_Content.aspx?n=EEC70A4186D4C828&sms=87415A8B9CE81B16&s=1F9FF78D55170150
2026-09-15 03:24,異動,檢視時間,2026-07-23,臺北市政府勞動局勞動教育文化科,每學期均可申請臺北市失業勞工子女就學費用補助嗎？,1FE7F227FCBAF88D,https://www.gov.taipei/News_Content.aspx?n=EEC70A4186D4C828&sms=87415A8B9CE81B16&s=1FE7F227FCBAF88D
2026-09-22 03:12,下架,頁面已經開不起來,2024-07-01,臺北市政府都市發展局,臺北市的社會住宅如何實踐卓越的居住品質管理？,33B202867A859CBE,https://www.gov.taipei/News_Content.aspx?n=EEC70A4186D4C828&sms=87415A8B9CE81B16&s=33B202867A859CBE
2026-09-22 03:12,下架,頁面已經開不起來,2018-06-21,臺北市政府社會局身心障礙者福利科,新制度實施後一定要接受重新鑑定，可是我的障礙程度很重，出門也不方便，一定要去醫院嗎？,DB3EF428337DCD08,https://www.gov.taipei/News_Content.aspx?n=EEC70A4186D4C828&sms=87415A8B9CE81B16&s=DB3EF428337DCD08
2026-09-22 03:22,新增,,2026-09-21,臺北市政府文化局藝術發展科,本市中正區濟南路1段（中山南路至林森南路）道路範圍進行交通管制影視拍攝作業通告(115/10/24),90109DC48B7B3BC7,https://www.gov.taipei/News_Content.aspx?n=EEC70A4186D4C828&sms=87415A8B9CE81B16&s=90109DC48B7B3BC7
2026-09-22 03:22,新增,,2026-09-19,臺北市孔廟管理委員會,臺北孔廟928教師節當天「大成殿」古蹟區及部分空間參觀訊息,DC45C017F79C3968,https://www.gov.taipei/News_Content.aspx?n=EEC70A4186D4C828&sms=87415A8B9CE81B16&s=DC45C017F79C3968
2026-09-22 03:22,新增,,2026-09-19,臺北市孔廟管理委員會,臺北孔廟釋奠典禮籌備作業期間古蹟區及六藝展間是否開放參觀？,ACE50DFE77BE80E9,https://www.gov.taipei/News_Content.aspx?n=EEC70A4186D4C828&sms=87415A8B9CE81B16&s=ACE50DFE77BE80E9
2026-09-22 03:22,新增,,2026-09-18,臺北市政府主計處,目前臺北市是否有辦理「115年工業及服務業普查抽樣調查對象判定作業」？其調查期間、調查方式、對象及目的為何？,AC49A2283E881939,https://www.gov.taipei/News_Content.aspx?n=EEC70A4186D4C828&sms=87415A8B9CE81B16&s=AC49A2283E881939
2026-09-22 03:22,新增,,2026-09-15,臺北市政府民政局,【助您好孕】死產生育補助要到哪裡申請？需要準備什麼？,B19AF9D4B3D47B23,https://www.gov.taipei/News_Content.aspx?n=EEC70A4186D4C828&sms=87415A8B9CE81B16&s=B19AF9D4B3D47B23
2026-09-22 03:22,新增,,2026-09-15,臺北市政府民政局,【助您好孕】死產後多久內要提出申請？,87A97BD323143DA5,https://www.gov.taipei/News_Content.aspx?n=EEC70A4186D4C828&sms=87415A8B9CE81B16&s=87A97BD323143DA5
2026-09-22 03:22,新增,,2026-09-15,臺北市政府民政局,【助您好孕】死產生育補助可以領多少？雙胞胎或多胞胎會增加嗎？,2D8A5F02B22BE8A6,https://www.gov.taipei/News_Content.aspx?n=EEC70A4186D4C828&sms=87415A8B9CE81B16&s=2D8A5F02B22BE8A6
2026-09-22 03:22,新增,,2026-09-15,臺北市政府民政局,【助您好孕】胎兒死產也可以申請臺北市生育補助嗎？,A086771A8D983DE6,https://www.gov.taipei/News_Content.aspx?n=EEC70A4186D4C828&sms=87415A8B9CE81B16&s=A086771A8D983DE6
2026-09-22 03:22,新增,,2026-09-15,臺北市政府交通局交通治理科,仰德大道連續假日交通管制計畫內容為何,C810B2296441B1F7,https://www.gov.taipei/News_Content.aspx?n=EEC70A4186D4C828&sms=87415A8B9CE81B16&s=C810B2296441B1F7
2026-09-22 03:22,新增,,2026-09-15,臺北市政府交通局交通治理科,仰德大道通行證及臨時放行條發放原則,365B668FFDBBE633,https://www.gov.taipei/News_Content.aspx?n=EEC70A4186D4C828&sms=87415A8B9CE81B16&s=365B668FFDBBE633
2026-09-22 03:22,新增,,2026-09-15,臺北市政府交通局交通治理科,如何申請仰德大道通行證及臨時放行條,15505097F7C68F10,https://www.gov.taipei/News_Content.aspx?n=EEC70A4186D4C828&sms=87415A8B9CE81B16&s=15505097F7C68F10
2026-09-22 03:22,異動,檢視時間,2013-05-23,臺北市政府勞動局勞動基準科,勞工到職前有親屬死亡，到職後因禮俗原因，可否向新公司申請喪假?,1FFD0823764C66CC,https://www.gov.taipei/News_Content.aspx?n=EEC70A4186D4C828&sms=87415A8B9CE81B16&s=1FFD0823764C66CC
2026-09-22 03:22,異動,檢視時間,2026-02-26,臺北市政府勞動局勞資關係科,員工子女的送托地點是否需限定在台北市？,201EC7827BA8C711,https://www.gov.taipei/News_Content.aspx?n=EEC70A4186D4C828&sms=87415A8B9CE81B16&s=201EC7827BA8C711
2026-09-22 03:22,異動,檢視時間,2026-04-08,臺北市稅捐稽徵處財產稅科,自住房屋是否須每年重新申請適用自住房屋稅率?,20279D91DF881723,https://www.gov.taipei/News_Content.aspx?n=EEC70A4186D4C828&sms=87415A8B9CE81B16&s=20279D91DF881723
2026-09-22 03:22,異動,檢視時間,2020-02-04,臺北市政府勞動局勞動基準科,如員工遭公司指派去武漢，員工是否可拒絕前往?,207914EAB7154B47,https://www.gov.taipei/News_Content.aspx?n=EEC70A4186D4C828&sms=87415A8B9CE81B16&s=207914EAB7154B47
2026-09-22 03:22,異動,檢視時間,2023-01-01,臺北市政府衛生局健康管理科,請問老人健康檢查的項目有哪些？,2088CB89D54E858A,https://www.gov.taipei/News_Content.aspx?n=EEC70A4186D4C828&sms=87415A8B9CE81B16&s=2088CB89D54E858A
2026-09-22 03:22,異動,檢視時間,2008-12-30,臺北大眾捷運股份有限公司,臺北市街頭藝人甄選方式/相關管理問題為何?,20ABCD473E134023,https://www.gov.taipei/News_Content.aspx?n=EEC70A4186D4C828&sms=87415A8B9CE81B16&s=20ABCD473E134023
2026-09-22 03:22,異動,檢視時間,2012-12-28,臺北市政府勞動局就業安全科,什麼是「黨派歧視」？,20B3FF82948146A8,https://www.gov.taipei/News_Content.aspx?n=EEC70A4186D4C828&sms=87415A8B9CE81B16&s=20B3FF82948146A8
2026-09-22 03:22,異動,檢視時間,2008-06-01,臺北大眾捷運股份有限公司,旅客可以在車站或月臺上照相或攝影嗎？,212A88D2A51184A5,https://www.gov.taipei/News_Content.aspx?n=EEC70A4186D4C828&sms=87415A8B9CE81B16&s=212A88D2A51184A5
2026-09-22 03:22,異動,檢視時間,2015-12-15,臺北自來水事業處業務科,繳款人與用戶名不同時，誰有資格領獎?,212EC991C980F196,https://www.gov.taipei/News_Content.aspx?n=EEC70A4186D4C828&sms=87415A8B9CE81B16&s=212EC991C980F196
2026-09-22 03:22,異動,檢視時間,2026-05-07,臺北市政府衛生局健康管理科,「一橫一縱」吸菸區會不會影響行人、自行車或輪椅族通行？,21A9EEFF7E9C8194,https://www.gov.taipei/News_Content.aspx?n=EEC70A4186D4C828&sms=87415A8B9CE81B16&s=21A9EEFF7E9C8194
2026-09-22 03:22,異動,更新時間、檢視時間,2018-07-18,臺北市政府社會局社會救助科,如何申請低收入戶市民醫療補助？,21EDCBA0E0AB523F,https://www.gov.taipei/News_Content.aspx?n=EEC70A4186D4C828&sms=87415A8B9CE81B16&s=21EDCBA0E0AB523F
2026-09-22 03:22,異動,檢視時間,2021-08-03,臺北市政府財政局支付科,各機關如何快速查詢電子發票商家資料？,221446B6ACA40E98,https://www.gov.taipei/News_Content.aspx?n=EEC70A4186D4C828&sms=87415A8B9CE81B16&s=221446B6ACA40E98
2026-09-22 03:22,異動,檢視時間,2018-02-01,臺北市政府捷運工程局,拆遷補償>拆遷獎勵金之請領依據及標準為何？,224FE7B8C2ADC127,https://www.gov.taipei/News_Content.aspx?n=EEC70A4186D4C828&sms=87415A8B9CE81B16&s=224FE7B8C2ADC127
2026-09-22 03:22,異動,更新時間、檢視時間,2018-06-20,臺北市政府社會局社會救助科,於總清查審查後，若原低收入戶、中低收入戶、身心障礙者生活補助、中低收入老人生活津貼資格被取銷，以致生活陷困，要如何尋求協助?,2250D5BD7998E6F8,https://www.gov.taipei/News_Content.aspx?n=EEC70A4186D4C828&sms=87415A8B9CE81B16&s=2250D5BD7998E6F8
2026-09-22 03:22,異動,檢視時間,2022-06-14,臺北自來水事業處業務科,水費單上的「分攤總表度」是甚麼？,226988A49163DB00,https://www.gov.taipei/News_Content.aspx?n=EEC70A4186D4C828&sms=87415A8B9CE81B16&s=226988A49163DB00
2026-09-22 03:22,異動,檢視時間,2024-01-04,臺北市政府勞動局勞動基準科,申請臺北市勞資爭議法律及生活費用補助，不予補助之情形為何?,22F2B681D2F8B9D0,https://www.gov.taipei/News_Content.aspx?n=EEC70A4186D4C828&sms=87415A8B9CE81B16&s=22F2B681D2F8B9D0
2026-09-22 03:22,異動,檢視時間,2015-06-02,臺北市政府勞動局勞動基準科,勞工可以用通訊軟體(如：Line)向公司請假嗎?,231C37E49F241157,https://www.gov.taipei/News_Content.aspx?n=EEC70A4186D4C828&sms=87415A8B9CE81B16&s=231C37E49F241157
2026-09-22 03:22,異動,更新時間、檢視時間,2018-06-25,臺北市政府社會局身心障礙者福利科,申請身心障礙者承租停車位租金的聯絡窗口?,23578A536D8A7D3F,https://www.gov.taipei/News_Content.aspx?n=EEC70A4186D4C828&sms=87415A8B9CE81B16&s=23578A536D8A7D3F
2026-09-22 03:22,異動,檢視時間,2018-06-22,臺北市政府社會局綜合企劃科,本市協助屬本市戶籍之身心障礙者、低收入戶單親家庭及原住民辦理台灣彩券,23884301EFE9096F,https://www.gov.taipei/News_Content.aspx?n=EEC70A4186D4C828&sms=87415A8B9CE81B16&s=23884301EFE9096F
2026-09-22 03:22,異動,檢視時間,2018-01-18,臺北市政府勞動局勞資關係科,如果公司只有1個老闆和6個員工，這樣要如何選派勞資會議勞資雙方代表？,23C063D9AA79BD36,https://www.gov.taipei/News_Content.aspx?n=EEC70A4186D4C828&sms=87415A8B9CE81B16&s=23C063D9AA79BD36
2026-09-22 03:22,異動,檢視時間,2008-09-18,臺北市政府主計處,有關特別費支用之最新規定為何？,23D84A32C2E04815,https://www.gov.taipei/News_Content.aspx?n=EEC70A4186D4C828&sms=87415A8B9CE81B16&s=23D84A32C2E04815
2026-09-22 03:22,異動,檢視時間,2018-06-26,臺北自來水事業處業務科,代繳戶雲端發票中獎獎金匯入原扣款帳戶作業說明,23DA9B2354F0ED75,https://www.gov.taipei/News_Content.aspx?n=EEC70A4186D4C828&sms=87415A8B9CE81B16&s=23DA9B2354F0ED75
2026-09-22 03:22,異動,檢視時間,2008-06-01,臺北大眾捷運股份有限公司,同站進出扣款方式及原因？ 同站進出須扣款，是否可減收或免收費用？,240CCF4CB33CEAA7,https://www.gov.taipei/News_Content.aspx?n=EEC70A4186D4C828&sms=87415A8B9CE81B16&s=240CCF4CB33CEAA7
2026-09-22 03:22,異動,檢視時間,2022-10-10,臺北市立動物園,可以從貓空纜車動物園南站入園嗎？,24200C9DDE1F0A98,https://www.gov.taipei/News_Content.aspx?n=EEC70A4186D4C828&sms=87415A8B9CE81B16&s=24200C9DDE1F0A98
2026-09-22 03:22,異動,檢視時間,2023-12-06,臺北市政府教育局,【新移民】請問新移民想在台灣來台灣上國中，應如何申請就學？,244D46F4D947B1D7,https://www.gov.taipei/News_Content.aspx?n=EEC70A4186D4C828&sms=87415A8B9CE81B16&s=244D46F4D947B1D7
2026-09-22 03:22,異動,檢視時間,2016-01-28,臺北市政府勞動局勞資關係科,何謂結清年資？,2460F586A8AD87CE,https://www.gov.taipei/News_Content.aspx?n=EEC70A4186D4C828&sms=87415A8B9CE81B16&s=2460F586A8AD87CE
2026-09-22 03:22,異動,標題、更新時間、檢視時間、內容(+9字),2025-09-10,臺北市政府民政局,【助您好孕】Q1：	如果我因為早產，新生兒出生時不符合臺北市生育補助(原生育獎勵金)申請資格，但原定預產日符合設籍10個月規定，可否申請生育補助(原生育獎勵金)？,2484009703A125FF,https://www.gov.taipei/News_Content.aspx?n=EEC70A4186D4C828&sms=87415A8B9CE81B16&s=2484009703A125FF
2026-09-22 03:22,異動,檢視時間,2008-06-01,臺北大眾捷運股份有限公司,接駁公車路線查詢/建議/申訴相關問題,24B28AC31F98842C,https://www.gov.taipei/News_Content.aspx?n=EEC70A4186D4C828&sms=87415A8B9CE81B16&s=24B28AC31F98842C
2026-09-22 03:22,異動,更新時間、檢視時間,2018-12-13,臺北市政府環境保護局環保稽查大隊,我的車不能報廢(過戶)，監理所表示是因為有環保罰鍰，為什麼？,24BB20D2FBE4E7DE,https://www.gov.taipei/News_Content.aspx?n=EEC70A4186D4C828&sms=87415A8B9CE81B16&s=24BB20D2FBE4E7DE
2026-09-22 03:22,異動,檢視時間,2012-12-26,臺北市政府勞動局勞資關係科,目前加入職業工會的勞健保，是否有最高年齡的上限規定?,25134A531C33A16E,https://www.gov.taipei/News_Content.aspx?n=EEC70A4186D4C828&sms=87415A8B9CE81B16&s=25134A531C33A16E
2026-09-22 03:22,異動,檢視時間,2008-06-01,臺北大眾捷運股份有限公司,為何列車停靠月臺會對不準候車排隊箭頭？假如列車發生越位狀況，公司相關處理程序為何?,252722E299897929,https://www.gov.taipei/News_Content.aspx?n=EEC70A4186D4C828&sms=87415A8B9CE81B16&s=252722E299897929
2026-09-22 03:22,異動,檢視時間,2026-01-02,臺北大眾捷運股份有限公司,以信用卡或乘車碼搭捷運的車資如何計算?,2562CDE1F5897089,https://www.gov.taipei/News_Content.aspx?n=EEC70A4186D4C828&sms=87415A8B9CE81B16&s=2562CDE1F5897089
2026-09-22 03:22,異動,檢視時間,2014-05-14,臺北市政府勞動局勞動基準科,請問勞工如有加班費或假日工資疑義，應透過何種管道諮詢或申訴？,257148A0A603AFD2,https://www.gov.taipei/News_Content.aspx?n=EEC70A4186D4C828&sms=87415A8B9CE81B16&s=257148A0A603AFD2
2026-09-22 03:22,異動,檢視時間,2026-07-23,臺北市政府勞動局勞動教育文化科,如已領取教育部｢定額減免私立大專學生學雜費3.5萬元/年方案(學期註冊繳費單直接扣減學雜費1.75萬元)是否還可申請本市失業勞工子女就學費用補助嗎？,258EBBF32D6C253D,https://www.gov.taipei/News_Content.aspx?n=EEC70A4186D4C828&sms=87415A8B9CE81B16&s=258EBBF32D6C253D
2026-09-22 03:22,異動,檢視時間,2026-04-08,臺北市稅捐稽徵處財產稅科,高級住宅加價課徵房屋稅何時實施？,25A01E49286B42C1,https://www.gov.taipei/News_Content.aspx?n=EEC70A4186D4C828&sms=87415A8B9CE81B16&s=25A01E49286B42C1
2026-09-22 03:22,異動,檢視時間,2012-12-27,臺北市政府勞動局勞資關係科,事業單位如何報核工作規則？,25A25553E0820B77,https://www.gov.taipei/News_Content.aspx?n=EEC70A4186D4C828&sms=87415A8B9CE81B16&s=25A25553E0820B77
2026-09-22 03:22,異動,檢視時間,2024-01-25,臺北市政府人事處給與科,退休人員子女就讀研究所，得否發給眷屬實物代金及眷屬補助費？,25A4ECB85AC615AD,https://www.gov.taipei/News_Content.aspx?n=EEC70A4186D4C828&sms=87415A8B9CE81B16&s=25A4ECB85AC615AD
2026-09-22 03:22,異動,檢視時間,2018-08-16,臺北自來水事業處企劃科,請問半夜發現家裡沒水，如果打「1999臺北市民當家熱線」，水處會派人處理嗎?市民撥打「1999臺北市民當家熱線」計費方式如何?,25BD1B6F64D8BB60,https://www.gov.taipei/News_Content.aspx?n=EEC70A4186D4C828&sms=87415A8B9CE81B16&s=25BD1B6F64D8BB60
2026-09-22 03:22,異動,檢視時間,2014-05-14,臺北市政府勞動局勞動基準科,請問線上試算或勞動精算師APP之計算依據為何？,25E141D3E9C0E481,https://www.gov.taipei/News_Content.aspx?n=EEC70A4186D4C828&sms=87415A8B9CE81B16&s=25E141D3E9C0E481
2026-09-22 03:22,異動,檢視時間,2012-12-28,臺北市政府勞動局勞動基準科,保全業之保全人員、電腦管制中心監控人員中從事保全業法第四條第二款（現金或其他貴重物品運送之安全維護）、第三款（人身之安全維護）規定業務之保全人員等工作者。以上84條之1工作者的工時限制？,266DA196FB9D55B9,https://www.gov.taipei/News_Content.aspx?n=EEC70A4186D4C828&sms=87415A8B9CE81B16&s=266DA196FB9D55B9
2026-09-22 03:22,異動,檢視時間,2021-03-08,臺北市政府衛生局醫事管理科,醫療機構施行哪項美容醫學手術項目，需向直轄市、（縣）市主管機關申請核准登記？,2694FB94C1E590E2,https://www.gov.taipei/News_Content.aspx?n=EEC70A4186D4C828&sms=87415A8B9CE81B16&s=2694FB94C1E590E2
2026-09-22 03:22,異動,檢視時間,2026-06-26,臺北市政府衛生局醫事管理科,醫療爭議相關簡要FAQ,2706B67A602DCEF8,https://www.gov.taipei/News_Content.aspx?n=EEC70A4186D4C828&sms=87415A8B9CE81B16&s=2706B67A602DCEF8
2026-09-22 03:22,異動,檢視時間,2022-09-15,臺北市立動物園,當我在動物園內拾得或遺失東西時，該怎麼辦？,27605881D13436DC,https://www.gov.taipei/News_Content.aspx?n=EEC70A4186D4C828&sms=87415A8B9CE81B16&s=27605881D13436DC
2026-09-22 03:22,異動,更新時間、檢視時間,2018-06-25,臺北市政府社會局身心障礙者福利科,申請身心障礙者購買停車位貸款利息補貼的聯絡窗口？,27752BF5E6C3C54B,https://www.gov.taipei/News_Content.aspx?n=EEC70A4186D4C828&sms=87415A8B9CE81B16&s=27752BF5E6C3C54B
2026-09-22 03:22,異動,檢視時間,2023-04-12,臺北市政府衛生局,為什麼做視力檢查要使用散瞳劑（睫狀肌麻痺劑）？,278BF030840D17F2,https://www.gov.taipei/News_Content.aspx?n=EEC70A4186D4C828&sms=87415A8B9CE81B16&s=278BF030840D17F2
2026-09-22 03:22,異動,檢視時間,2018-08-23,臺北自來水事業處技術科,我家巷口經常漏水，貴處人員告知，給水外線屬用戶財產，還有替代方法更換給水外線嗎？收費標準為何?,27E7027679479005,https://www.gov.taipei/News_Content.aspx?n=EEC70A4186D4C828&sms=87415A8B9CE81B16&s=27E7027679479005
2026-09-22 03:22,異動,檢視時間,2008-06-01,臺北大眾捷運股份有限公司,到站站名廣播為何須用四種語言播報？,27F4C732973171ED,https://www.gov.taipei/News_Content.aspx?n=EEC70A4186D4C828&sms=87415A8B9CE81B16&s=27F4C732973171ED
2026-09-22 03:22,異動,檢視時間,2013-02-08,臺北市政府勞動局勞動基準科,何謂爭議行為？,27F8844EBEAFE630,https://www.gov.taipei/News_Content.aspx?n=EEC70A4186D4C828&sms=87415A8B9CE81B16&s=27F8844EBEAFE630
2026-09-22 03:22,異動,檢視時間,2012-12-28,臺北市政府勞動局勞動基準科,勞工如於天然災害發生時(後)出勤，工資如何給付？,280421EF2F387FFC,https://www.gov.taipei/News_Content.aspx?n=EEC70A4186D4C828&sms=87415A8B9CE81B16&s=280421EF2F387FFC
2026-09-22 03:22,異動,檢視時間,2018-05-08,臺北市政府勞動局就業安全科,育嬰留職停薪期間的獎金及年終獎金，發放條件為何？,280BED875D70CB09,https://www.gov.taipei/News_Content.aspx?n=EEC70A4186D4C828&sms=87415A8B9CE81B16&s=280BED875D70CB09
2026-09-22 03:22,異動,檢視時間,2012-12-28,臺北市政府勞動局勞動基準科,資方延誤2個月才付資遣費，是否應該另外加付利息給員工?,2859447B034BD413,https://www.gov.taipei/News_Content.aspx?n=EEC70A4186D4C828&sms=87415A8B9CE81B16&s=2859447B034BD413
2026-09-22 03:22,異動,檢視時間,2023-06-17,臺北市稅捐稽徵處稅務管理科,欠稅被移送執行，收到法務部行政執行署臺北、士林分署傳繳通知應如何辦理？,28684668C0DCA687,https://www.gov.taipei/News_Content.aspx?n=EEC70A4186D4C828&sms=87415A8B9CE81B16&s=28684668C0DCA687
2026-09-22 03:22,異動,檢視時間,2026-05-07,臺北市政府衛生局健康管理科,大巨蛋戶外吸菸區位置在哪裡？,28763353AA2EFA22,https://www.gov.taipei/News_Content.aspx?n=EEC70A4186D4C828&sms=87415A8B9CE81B16&s=28763353AA2EFA22
2026-09-22 03:22,異動,檢視時間,2024-12-19,臺北大眾捷運股份有限公司,捷運點是什麼？,28897821EDEC920B,https://www.gov.taipei/News_Content.aspx?n=EEC70A4186D4C828&sms=87415A8B9CE81B16&s=28897821EDEC920B
2026-09-22 03:22,異動,檢視時間,2012-12-26,臺北市政府勞動局勞資關係科,職工福利委員會設立申請應備文件？,289B3579312B56D2,https://www.gov.taipei/News_Content.aspx?n=EEC70A4186D4C828&sms=87415A8B9CE81B16&s=289B3579312B56D2
2026-09-22 03:22,異動,更新時間、檢視時間,2025-08-26,臺北市立國樂團,如何加入TCO樂友會?,28DE5662C038232F,https://www.gov.taipei/News_Content.aspx?n=EEC70A4186D4C828&sms=87415A8B9CE81B16&s=28DE5662C038232F
2026-09-22 03:22,異動,檢視時間,2024-03-31,臺北市立動物園,外國籍有什麼優惠嗎？,28F4BA20311217FE,https://www.gov.taipei/News_Content.aspx?n=EEC70A4186D4C828&sms=87415A8B9CE81B16&s=28F4BA20311217FE
2026-09-22 03:22,異動,檢視時間,2013-04-17,臺北市政府勞動局勞動基準科,另如選舉當日公司只給三小時但來不及投票，公司是否有違法，另可否要求公司將該日改為假日加發一天工資?,291B8CA3E9F502FA,https://www.gov.taipei/News_Content.aspx?n=EEC70A4186D4C828&sms=87415A8B9CE81B16&s=291B8CA3E9F502FA
2026-09-22 03:22,異動,檢視時間,2008-09-12,臺北市政府主計處,何謂歲入、歲出？,295BF0B7A8CB544A,https://www.gov.taipei/News_Content.aspx?n=EEC70A4186D4C828&sms=87415A8B9CE81B16&s=295BF0B7A8CB544A
2026-09-22 03:22,異動,更新時間、檢視時間,2018-06-27,臺北市政府社會局社會救助科,如何取得「強化社會安全網－急難紓困方案(原馬上關懷)」之內容及申請表件？,295E1AAC91911577,https://www.gov.taipei/News_Content.aspx?n=EEC70A4186D4C828&sms=87415A8B9CE81B16&s=295E1AAC91911577
2026-09-22 03:22,異動,更新時間、檢視時間,2026-05-07,臺北市政府衛生局健康管理科,臺北市公告戶外禁菸場所之法源依據為何?臺北市公告戶外禁菸場所有哪些?,298DCCF2904FCA12,https://www.gov.taipei/News_Content.aspx?n=EEC70A4186D4C828&sms=87415A8B9CE81B16&s=298DCCF2904FCA12
2026-09-22 03:22,異動,檢視時間,2012-12-28,臺北市政府勞動局勞動基準科,職業災害期間是否有法律追溯權？,29BA3EBEA4C6819C,https://www.gov.taipei/News_Content.aspx?n=EEC70A4186D4C828&sms=87415A8B9CE81B16&s=29BA3EBEA4C6819C
2026-09-22 03:22,異動,檢視時間,2018-01-10,臺北市政府捷運工程局,拆遷補償>徵收或協議價購私有土地之補償費可否享免徵土地增值稅優惠？,29C542279D905C25,https://www.gov.taipei/News_Content.aspx?n=EEC70A4186D4C828&sms=87415A8B9CE81B16&s=29C542279D905C25
2026-09-22 03:22,異動,更新時間、檢視時間,2018-06-21,臺北市政府社會局身心障礙者福利科,若在區公所申請身心障礙證明時未（忘）勾選某項福利服務，但之後想要使用，該如何處理？,2A101B20B4220B2F,https://www.gov.taipei/News_Content.aspx?n=EEC70A4186D4C828&sms=87415A8B9CE81B16&s=2A101B20B4220B2F
2026-09-22 03:22,異動,檢視時間,2018-04-18,臺北市政府社會局人民團體科,人民團體成立後申請社會局補助應如何辦理?,2A2E851BB8E16654,https://www.gov.taipei/News_Content.aspx?n=EEC70A4186D4C828&sms=87415A8B9CE81B16&s=2A2E851BB8E16654
2026-09-22 03:22,異動,檢視時間,2013-05-16,臺北市政府勞動局就業安全科,照護補助案件之申請流程為何？,2A365D51A0B4D81D,https://www.gov.taipei/News_Content.aspx?n=EEC70A4186D4C828&sms=87415A8B9CE81B16&s=2A365D51A0B4D81D
2026-09-22 03:22,異動,檢視時間,2018-01-10,臺北市政府捷運工程局,拆遷補償>捷運系統工程穿越私有土地，除穿越補償費外，是否可減免其他稅賦？,2A4B499DBED91FCC,https://www.gov.taipei/News_Content.aspx?n=EEC70A4186D4C828&sms=87415A8B9CE81B16&s=2A4B499DBED91FCC
2026-09-22 03:22,異動,檢視時間,2018-04-17,臺北市政府捷運工程局,路網規劃>台北捷運車站規劃的原則。,2A4E1DF4BCA87EB6,https://www.gov.taipei/News_Content.aspx?n=EEC70A4186D4C828&sms=87415A8B9CE81B16&s=2A4E1DF4BCA87EB6
2026-09-22 03:22,異動,更新時間、檢視時間,2019-08-20,臺北市政府衛生局心理衛生科,臺北市政府衛生局設置的心理服務專線有哪些？非臺北市民也可以撥打嗎？,2AA2CDC9774F1E17,https://www.gov.taipei/News_Content.aspx?n=EEC70A4186D4C828&sms=87415A8B9CE81B16&s=2AA2CDC9774F1E17
2026-09-22 03:22,異動,更新時間、檢視時間,2017-05-15,臺北市政府社會局身心障礙者福利科,如何申請舊衣回收？,2ACA91C94DC59ED3,https://www.gov.taipei/News_Content.aspx?n=EEC70A4186D4C828&sms=87415A8B9CE81B16&s=2ACA91C94DC59ED3
2026-09-22 03:22,異動,更新時間、檢視時間,2021-12-27,臺北市政府社會局社會救助科,重大災害發生後，要怎麼捐物或捐款給災民?,2B24244876ED7DD4,https://www.gov.taipei/News_Content.aspx?n=EEC70A4186D4C828&sms=87415A8B9CE81B16&s=2B24244876ED7DD4
2026-09-22 03:22,異動,檢視時間,2015-08-06,臺北市政府民政局自治行政科,里長多久選一次？鄰長多久遴聘一次？,2B360A753CEEAC0F,https://www.gov.taipei/News_Content.aspx?n=EEC70A4186D4C828&sms=87415A8B9CE81B16&s=2B360A753CEEAC0F
2026-09-22 03:22,異動,檢視時間,2026-04-01,臺北市政府勞動局勞動基準科,員工請了普通傷病假，公司可以怎麼處理全勤獎金?,2B4459B0BAA6CB3D,https://www.gov.taipei/News_Content.aspx?n=EEC70A4186D4C828&sms=87415A8B9CE81B16&s=2B4459B0BAA6CB3D
2026-09-22 03:22,異動,檢視時間,2020-09-01,臺北大眾捷運股份有限公司,鸚鵡、鴿子是寵物鳥嗎？,2B49BCE2D92073C2,https://www.gov.taipei/News_Content.aspx?n=EEC70A4186D4C828&sms=87415A8B9CE81B16&s=2B49BCE2D92073C2
2026-09-22 03:22,異動,檢視時間,2012-12-28,臺北市政府勞動局勞動基準科,關於「有繼續性工作」要如何認定呢？,2B4AB876D193F569,https://www.gov.taipei/News_Content.aspx?n=EEC70A4186D4C828&sms=87415A8B9CE81B16&s=2B4AB876D193F569
2026-09-22 03:22,異動,檢視時間,2018-08-31,臺北自來水園區,自來水園區附近有哪些停車場?費率如何？可否使用悠遊卡?有多少停車位? 開放時間? 有否月票優惠？,2B56A90082093DA4,https://www.gov.taipei/News_Content.aspx?n=EEC70A4186D4C828&sms=87415A8B9CE81B16&s=2B56A90082093DA4
2026-09-22 03:22,異動,檢視時間,2018-09-07,臺北市政府勞動局勞動基準科,何種情形需申請未滿15歲工作者之許可證？應檢附什麼文件提出申請？,2B863408B40815DC,https://www.gov.taipei/News_Content.aspx?n=EEC70A4186D4C828&sms=87415A8B9CE81B16&s=2B863408B40815DC
2026-09-22 03:22,異動,檢視時間,2015-04-23,臺北市政府財政局公產管理科,建物之列帳價格為何？,2BD3A9F425E018FF,https://www.gov.taipei/News_Content.aspx?n=EEC70A4186D4C828&sms=87415A8B9CE81B16&s=2BD3A9F425E018FF
2026-09-22 03:22,異動,檢視時間,2024-04-08,臺北市政府勞動局就業安全科,招募或徵才廣告刊登要注意甚麼才不會有違反就業歧視規定的疑慮？,2C01BF0D49662BB5,https://www.gov.taipei/News_Content.aspx?n=EEC70A4186D4C828&sms=87415A8B9CE81B16&s=2C01BF0D49662BB5
2026-09-22 03:22,異動,檢視時間,2022-03-02,臺北市政府勞動局就業安全科,有關「陪產檢及陪產假」7日之規定，是否為陪產檢假7日及陪產假7日？,2C40D2733DDE931F,https://www.gov.taipei/News_Content.aspx?n=EEC70A4186D4C828&sms=87415A8B9CE81B16&s=2C40D2733DDE931F
2026-09-22 03:22,異動,檢視時間,2020-09-01,臺北大眾捷運股份有限公司,帶寵物鳥搭捷運，需要裝在容器內嗎？,2C71B875B245808D,https://www.gov.taipei/News_Content.aspx?n=EEC70A4186D4C828&sms=87415A8B9CE81B16&s=2C71B875B245808D
2026-09-22 03:22,異動,檢視時間,2024-07-22,臺北大眾捷運股份有限公司,請問如何查詢票價/旅程時間?,2D1124EA4D9A5AD4,https://www.gov.taipei/News_Content.aspx?n=EEC70A4186D4C828&sms=87415A8B9CE81B16&s=2D1124EA4D9A5AD4
2026-09-22 03:22,異動,檢視時間,2012-12-26,臺北市政府勞動局勞資關係科,公司員工未達50人，可成立職工福利委員會嗎？若想成立，是否有最低人數限制？,2D1FAEA69747FF1A,https://www.gov.taipei/News_Content.aspx?n=EEC70A4186D4C828&sms=87415A8B9CE81B16&s=2D1FAEA69747FF1A
2026-09-22 03:22,異動,檢視時間,2012-12-28,臺北市政府勞動局就業安全科,雇主應如何建立甄選原則，以避免違反禁止就業歧視之法律？,2D223A2F8039A46F,https://www.gov.taipei/News_Content.aspx?n=EEC70A4186D4C828&sms=87415A8B9CE81B16&s=2D223A2F8039A46F
2026-09-22 03:22,異動,檢視時間,2017-10-06,臺北市政府主計處,何謂家庭所得5等分位差距倍數？,2D272D3CB487B065,https://www.gov.taipei/News_Content.aspx?n=EEC70A4186D4C828&sms=87415A8B9CE81B16&s=2D272D3CB487B065
2026-09-22 03:22,異動,檢視時間,2026-05-07,臺北市政府衛生局健康管理科,停車場有設置吸菸區嗎?,2D355D25D4783207,https://www.gov.taipei/News_Content.aspx?n=EEC70A4186D4C828&sms=87415A8B9CE81B16&s=2D355D25D4783207
2026-09-22 03:22,異動,更新時間、檢視時間,2018-06-21,臺北市政府社會局身心障礙者福利科,需求評估會評估經濟狀況嗎？會不會影響補助領取的資格或額度？,2D63E2E09111633F,https://www.gov.taipei/News_Content.aspx?n=EEC70A4186D4C828&sms=87415A8B9CE81B16&s=2D63E2E09111633F
2026-09-22 03:22,異動,檢視時間,2026-06-02,臺北市稅捐稽徵處,「稅籍異動即時通」服務申請成功能會寄發通知訊息嗎？,2D698CA84DCBC718,https://www.gov.taipei/News_Content.aspx?n=EEC70A4186D4C828&sms=87415A8B9CE81B16&s=2D698CA84DCBC718
2026-09-22 03:22,異動,檢視時間,2023-03-15,臺北自來水事業處業務科,簡訊帳單的發送號碼為何？,2D82CC7CD0750D91,https://www.gov.taipei/News_Content.aspx?n=EEC70A4186D4C828&sms=87415A8B9CE81B16&s=2D82CC7CD0750D91
2026-09-22 03:22,異動,檢視時間,2026-04-08,臺北市稅捐稽徵處財產稅科,如何申請房屋稅電子稅單?,2D932EF7249262E8,https://www.gov.taipei/News_Content.aspx?n=EEC70A4186D4C828&sms=87415A8B9CE81B16&s=2D932EF7249262E8
2026-09-22 03:22,異動,檢視時間,2012-12-26,臺北市政府勞動局勞資關係科,職工福利委員會成立後，如因公司營運不佳或員工人數銳減至7人以下，可否停止辦理職工福利事項或辦理註銷職工福利委員會？,2DDC7422B95C634F,https://www.gov.taipei/News_Content.aspx?n=EEC70A4186D4C828&sms=87415A8B9CE81B16&s=2DDC7422B95C634F
2026-09-22 03:22,異動,檢視時間,2024-03-01,臺北市政府勞動局就業安全科,勞工在拜訪公司客戶時，被客戶性騷擾了，該怎麼辦呢？,2DE835D120913BC5,https://www.gov.taipei/News_Content.aspx?n=EEC70A4186D4C828&sms=87415A8B9CE81B16&s=2DE835D120913BC5
2026-09-22 03:22,異動,檢視時間,2021-06-29,臺北市政府勞動局勞資關係科,因應COVID-19疫情影響，每3個月應定期舉辦之勞資會議是否可暫停召開?,2DE9C40D5704A52A,https://www.gov.taipei/News_Content.aspx?n=EEC70A4186D4C828&sms=87415A8B9CE81B16&s=2DE9C40D5704A52A
2026-09-22 03:22,異動,檢視時間,2017-10-04,臺北市政府主計處,何謂物價指數？何以現編物價指數所顯示的物價變動趨勢常與大眾的感受不同？,2E39BCCF4FCA0C1F,https://www.gov.taipei/News_Content.aspx?n=EEC70A4186D4C828&sms=87415A8B9CE81B16&s=2E39BCCF4FCA0C1F
2026-09-22 03:22,異動,檢視時間,2012-12-28,臺北市政府勞動局職業安全衛生科,勞動場所如有發生重大職業災害時處理方式？,2EDCE2387588D0A6,https://www.gov.taipei/News_Content.aspx?n=EEC70A4186D4C828&sms=87415A8B9CE81B16&s=2EDCE2387588D0A6
2026-09-22 03:22,異動,檢視時間,2017-12-08,臺北市政府人事處管理科,臺北市政府所有機關學校的中英文名稱，要到哪裡可以查詢？,2F1A1F50AB02E195,https://www.gov.taipei/News_Content.aspx?n=EEC70A4186D4C828&sms=87415A8B9CE81B16&s=2F1A1F50AB02E195
2026-09-22 03:22,異動,檢視時間,2020-02-04,臺北市政府勞動局勞動基準科,醫護人員因接觸確診特殊傳染性肺炎是否屬職災?,2F29FE5A16FACE2F,https://www.gov.taipei/News_Content.aspx?n=EEC70A4186D4C828&sms=87415A8B9CE81B16&s=2F29FE5A16FACE2F
2026-09-22 03:22,異動,檢視時間,2015-12-15,臺北自來水事業處業務科,因補發繳費通知單造成重複繳費，會開幾張發票？,2F2BBBD8DBCCB7A4,https://www.gov.taipei/News_Content.aspx?n=EEC70A4186D4C828&sms=87415A8B9CE81B16&s=2F2BBBD8DBCCB7A4
2026-09-22 03:22,異動,檢視時間,2024-08-05,臺北市政府勞動局勞動基準科,居家工作勞工之出勤紀錄要多久與勞工確認？應該注意哪些部分？,2F563C4E4408F140,https://www.gov.taipei/News_Content.aspx?n=EEC70A4186D4C828&sms=87415A8B9CE81B16&s=2F563C4E4408F140
2026-09-22 03:22,異動,檢視時間,2018-05-01,臺北市政府勞動局勞資關係科,事業單位未依法舉辦勞資會議是否有相關罰則？,2FBC530FA9D4DDFE,https://www.gov.taipei/News_Content.aspx?n=EEC70A4186D4C828&sms=87415A8B9CE81B16&s=2FBC530FA9D4DDFE
2026-09-22 03:22,異動,檢視時間,2013-02-08,臺北市政府勞動局勞動基準科,如果勞資爭議調解不成立，可以申請仲裁嗎？,2FC050E2010EB660,https://www.gov.taipei/News_Content.aspx?n=EEC70A4186D4C828&sms=87415A8B9CE81B16&s=2FC050E2010EB660
2026-09-22 03:22,異動,檢視時間,2015-01-05,臺北市政府財政局菸酒暨稅務管理科,菸酒稅的問題可以請教你嗎？,2FE38571C97E2E25,https://www.gov.taipei/News_Content.aspx?n=EEC70A4186D4C828&sms=87415A8B9CE81B16&s=2FE38571C97E2E25
2026-09-22 03:22,異動,檢視時間,2013-08-15,臺北市政府勞動局勞動教育文化科,勞動教育經費補助課程範圍？,2FF1A484FF346CAE,https://www.gov.taipei/News_Content.aspx?n=EEC70A4186D4C828&sms=87415A8B9CE81B16&s=2FF1A484FF346CAE
2026-09-22 03:22,異動,檢視時間,2010-12-31,臺北自來水事業處業務科,民眾住家水表遺失、遭竊或毀損該如何處理？,2FF6146C8CCBD3F2,https://www.gov.taipei/News_Content.aspx?n=EEC70A4186D4C828&sms=87415A8B9CE81B16&s=2FF6146C8CCBD3F2
2026-09-25 02:29,新增,,2026-09-24,臺北市勞動力重建運用處,國家考試、汽車駕照暨技術士課程計畫-依本計畫規定申請人申請課程費用補助應檢附學費統一發票或收據正本，若無法檢附時應如何處理？,A76864F2350199F9,https://www.gov.taipei/News_Content.aspx?n=EEC70A4186D4C828&sms=87415A8B9CE81B16&s=A76864F2350199F9
2026-09-25 02:29,新增,,2026-09-23,臺北市政府社會局身心障礙者福利科,哪些人可以借用二手輔具?如何借用與歸還?,F485CD2E54C15847,https://www.gov.taipei/News_Content.aspx?n=EEC70A4186D4C828&sms=87415A8B9CE81B16&s=F485CD2E54C15847
2026-09-25 02:29,新增,,2026-09-22,臺北市政府社會局兒童及少年福利科,如何申請弱勢兒少醫療補助6歲以上至未滿18歲療育訓練費？,5EB78104AC9611B3,https://www.gov.taipei/News_Content.aspx?n=EEC70A4186D4C828&sms=87415A8B9CE81B16&s=5EB78104AC9611B3
2026-09-25 02:29,新增,,2018-07-09,臺北市政府環境保護局內湖垃圾焚化廠,葫蘆洲運動公園有哪些設施項目？,1F53BD64D3DF0C1C,https://www.gov.taipei/News_Content.aspx?n=EEC70A4186D4C828&sms=87415A8B9CE81B16&s=1F53BD64D3DF0C1C
2026-09-25 02:29,新增,,2018-07-09,臺北市政府環境保護局內湖垃圾焚化廠,葫蘆洲運動公園設施可免費使用之對象有那些？,2A2C3B0A6800E9CB,https://www.gov.taipei/News_Content.aspx?n=EEC70A4186D4C828&sms=87415A8B9CE81B16&s=2A2C3B0A6800E9CB
2026-09-25 02:29,新增,,2018-07-09,臺北市政府環境保護局內湖垃圾焚化廠,葫蘆洲運動公園免費使用對象，其身分證明為何不能用影印本？,D76AF9D0FFEF85E1,https://www.gov.taipei/News_Content.aspx?n=EEC70A4186D4C828&sms=87415A8B9CE81B16&s=D76AF9D0FFEF85E1
2026-09-25 02:29,新增,,2018-07-09,臺北市政府環境保護局內湖垃圾焚化廠,葫蘆洲運動公園游泳池免費使用之對象，如兒童無身分證時怎麼辦？,52D90EAF6B129679,https://www.gov.taipei/News_Content.aspx?n=EEC70A4186D4C828&sms=87415A8B9CE81B16&s=52D90EAF6B129679
2026-09-25 02:29,新增,,2012-04-13,臺北市政府環境保護局內湖垃圾焚化廠,如何申請體驗廠開辦環境教育訓練課程？會後是否核給環境教育（小時）證明？,C2526E357F3CD46C,https://www.gov.taipei/News_Content.aspx?n=EEC70A4186D4C828&sms=87415A8B9CE81B16&s=C2526E357F3CD46C
2026-09-25 02:29,新增,,2008-06-27,臺北市政府環境保護局內湖垃圾焚化廠,葫蘆洲運動公園游泳池開放時間？,B9BD84AC60EDE684,https://www.gov.taipei/News_Content.aspx?n=EEC70A4186D4C828&sms=87415A8B9CE81B16&s=B9BD84AC60EDE684
2026-09-25 02:29,異動,檢視時間,2020-04-17,臺北市稅捐稽徵處機會稅科,舉辦臨時有價娛樂活動，如要自行印製娛樂票券，應載明哪些項目？,2FFCCEEED677040A,https://www.gov.taipei/News_Content.aspx?n=EEC70A4186D4C828&sms=87415A8B9CE81B16&s=2FFCCEEED677040A
2026-09-25 02:29,異動,檢視時間,2010-02-23,臺北市政府地政局地價科,公告土地現值是怎麼產生的？,3012EDD9BA8D3A32,https://www.gov.taipei/News_Content.aspx?n=EEC70A4186D4C828&sms=87415A8B9CE81B16&s=3012EDD9BA8D3A32
2026-09-25 02:29,異動,更新時間、檢視時間、內容(+0字),2023-02-08,臺北市政府教育局體育及衛生保健科,【補助】請問北市學生清寒午餐補助資格及如何申請？,301C831BE5E46E5F,https://www.gov.taipei/News_Content.aspx?n=EEC70A4186D4C828&sms=87415A8B9CE81B16&s=301C831BE5E46E5F
2026-09-25 02:29,異動,檢視時間,2008-09-16,臺北市政府工務局衛生下水道工程處維護工程科,污水下水道接管公告地區，防火間隔原有違規建物拆後是否可復舊？,303475EB24C3C4F1,https://www.gov.taipei/News_Content.aspx?n=EEC70A4186D4C828&sms=87415A8B9CE81B16&s=303475EB24C3C4F1
2026-09-25 02:29,異動,檢視時間,2018-08-14,臺北市政府環境保護局氣候變遷管理科,什麼是「全球暖化」及「溫室效應」？,3040ABF7FF5CEF9D,https://www.gov.taipei/News_Content.aspx?n=EEC70A4186D4C828&sms=87415A8B9CE81B16&s=3040ABF7FF5CEF9D
2026-09-25 02:29,異動,檢視時間,2023-07-26,臺北市政府地政局土地登記科,私法人購買住宅許可制所稱之「住宅使用之房屋」認定方式為何？,3052010D94ED5E40,https://www.gov.taipei/News_Content.aspx?n=EEC70A4186D4C828&sms=87415A8B9CE81B16&s=3052010D94ED5E40
2026-09-25 02:29,異動,檢視時間,2014-07-03,臺北市政府勞動局職業安全衛生科,職安法對在颱風天外勤工作之勞工有何規範？,30E3B28D9A657671,https://www.gov.taipei/News_Content.aspx?n=EEC70A4186D4C828&sms=87415A8B9CE81B16&s=30E3B28D9A657671
2026-09-25 02:29,異動,更新時間、檢視時間,2018-06-25,臺北市政府社會局身心障礙者福利科,申請身心障礙者承租停車位補助需檢附哪些資料?,30EAFAEE016BC623,https://www.gov.taipei/News_Content.aspx?n=EEC70A4186D4C828&sms=87415A8B9CE81B16&s=30EAFAEE016BC623
2026-09-25 02:29,異動,檢視時間,2009-04-15,臺北市政府工務局衛生下水道工程處,迪化、內湖污水處理廠及民生水資源再生廠參訪內容及時間？,30EC23247E3EF4BE,https://www.gov.taipei/News_Content.aspx?n=EEC70A4186D4C828&sms=87415A8B9CE81B16&s=30EC23247E3EF4BE
2026-09-25 02:29,異動,檢視時間,2020-01-08,臺北市稅捐稽徵處企劃服務科,如何申請更正房屋稅、地價稅及使用牌照稅繳款書寄送地址？,30EC8CB060DAF1FC,https://www.gov.taipei/News_Content.aspx?n=EEC70A4186D4C828&sms=87415A8B9CE81B16&s=30EC8CB060DAF1FC
2026-09-25 02:29,異動,檢視時間,2022-01-27,臺北市稅捐稽徵處財產稅科,農業用地移轉時，申請不課徵土地增值稅應檢附之「農業用地作農業使用證明書」，可以影本代替嗎？,30FC38FF5D3877E8,https://www.gov.taipei/News_Content.aspx?n=EEC70A4186D4C828&sms=87415A8B9CE81B16&s=30FC38FF5D3877E8
2026-09-25 02:29,異動,檢視時間,2026-01-02,臺北市政府衛生局疾病管制科,有關浴室業、游泳池業之新規定，業者應每個月自行取浴池或游泳池水送檢1次，那要送到哪裡去檢驗呢？,316875A804BDCCD6,https://www.gov.taipei/News_Content.aspx?n=EEC70A4186D4C828&sms=87415A8B9CE81B16&s=316875A804BDCCD6
2026-09-25 02:29,異動,檢視時間,2012-12-27,臺北市政府勞動局勞資關係科,委任經理人改為勞工身份時，如何計算退休金？,31816060116821F6,https://www.gov.taipei/News_Content.aspx?n=EEC70A4186D4C828&sms=87415A8B9CE81B16&s=31816060116821F6
2026-09-25 02:29,異動,更新時間、檢視時間,2024-12-23,臺北市勞動力重建運用處,職業災害勞工重返職場，有沒有相關補助？,31A307A188994798,https://www.gov.taipei/News_Content.aspx?n=EEC70A4186D4C828&sms=87415A8B9CE81B16&s=31A307A188994798
2026-09-25 02:29,異動,檢視時間,2023-05-12,臺北市政府地政局地權及不動產交易科,民眾如發現非法之不動產經紀業者或經紀人員從事仲介或代銷業務，應如何處理？,320BDF0BF22D8408,https://www.gov.taipei/News_Content.aspx?n=EEC70A4186D4C828&sms=87415A8B9CE81B16&s=320BDF0BF22D8408
2026-09-25 02:29,異動,檢視時間,2013-02-08,臺北市政府勞動局勞動基準科,仲裁有什麼法律效力？,323632FC994E9E80,https://www.gov.taipei/News_Content.aspx?n=EEC70A4186D4C828&sms=87415A8B9CE81B16&s=323632FC994E9E80
2026-09-25 02:29,異動,更新時間、檢視時間,2009-12-08,臺北市政府環境保護局空污噪音防制科,請問有關高壓電塔電磁波之相關資訊，應向那個單位諮詢？,323742E07BC4BAB1,https://www.gov.taipei/News_Content.aspx?n=EEC70A4186D4C828&sms=87415A8B9CE81B16&s=323742E07BC4BAB1
2026-09-25 02:29,異動,檢視時間,2020-09-01,臺北市政府地政局土地登記科,抵押權人委託代理人單獨申請抵押權塗銷登記時，檢附之清償證明已加蓋印鑑章並檢附印鑑證明、土地登記申請書及登記清冊印章是否應一致？,325460B64365221F,https://www.gov.taipei/News_Content.aspx?n=EEC70A4186D4C828&sms=87415A8B9CE81B16&s=325460B64365221F
2026-09-25 02:29,異動,更新時間、檢視時間,2018-12-06,臺北市政府環境保護局環保稽查大隊,檢驗車輛噪音有甚麼要注意的嗎？,3274AD21A161FF1B,https://www.gov.taipei/News_Content.aspx?n=EEC70A4186D4C828&sms=87415A8B9CE81B16&s=3274AD21A161FF1B
2026-09-25 02:29,異動,檢視時間,2011-07-29,臺北市稅捐稽徵處企劃服務科,請問哪些稅屬於國稅？,327EE780C41BB83E,https://www.gov.taipei/News_Content.aspx?n=EEC70A4186D4C828&sms=87415A8B9CE81B16&s=327EE780C41BB83E
2026-09-25 02:29,異動,更新時間、檢視時間,2023-10-20,臺北市政府環境保護局資源循環管理科,有關家戶盆栽或廢土、花草盆栽如何丟棄?可否當成資源回收?,32A05FEA8517A51A,https://www.gov.taipei/News_Content.aspx?n=EEC70A4186D4C828&sms=87415A8B9CE81B16&s=32A05FEA8517A51A
2026-09-25 02:29,異動,檢視時間,2026-05-07,臺北市政府衛生局健康管理科,捷運工程局的吸菸區設置於何處？,32B6F0751E96EEFF,https://www.gov.taipei/News_Content.aspx?n=EEC70A4186D4C828&sms=87415A8B9CE81B16&s=32B6F0751E96EEFF
2026-09-25 02:29,異動,檢視時間,2010-06-15,臺北市政府地政局土地登記科,非以自然人、法人或依法登記之募建寺廟名義登記之土地權利，且非神明會、日據會社或組合、祭祀公業者，如逾公告之申請登記期限無人申請登記，該如何處理？,32BBD0329297F5B8,https://www.gov.taipei/News_Content.aspx?n=EEC70A4186D4C828&sms=87415A8B9CE81B16&s=32BBD0329297F5B8
2026-09-25 02:29,異動,檢視時間,2026-03-18,臺北市政府環境保護局氣候變遷管理科,申請「115年臺北市住宅社區創能儲能及節能補助計畫」，須準備哪些文件？,32DBCA80D4775080,https://www.gov.taipei/News_Content.aspx?n=EEC70A4186D4C828&sms=87415A8B9CE81B16&s=32DBCA80D4775080
2026-09-25 02:29,異動,檢視時間,2026-06-02,臺北市稅捐稽徵處,什麼是稅籍異動即時通？,32FDDB3C955F1363,https://www.gov.taipei/News_Content.aspx?n=EEC70A4186D4C828&sms=87415A8B9CE81B16&s=32FDDB3C955F1363
2026-09-25 02:29,異動,檢視時間,2012-12-26,臺北市政府勞動局勞資關係科,雇主辦理企業托兒（設置托兒設施或提供托兒措施）、設置哺集乳室，政府有那些補助？,3309200A83B0AA86,https://www.gov.taipei/News_Content.aspx?n=EEC70A4186D4C828&sms=87415A8B9CE81B16&s=3309200A83B0AA86
2026-09-25 02:29,異動,檢視時間,2017-09-01,臺北市政府地政局土地登記科,只有申請買賣、贈與登記可以選擇使用新制免附印鑑證明措施嗎?,33274AB4226CAC8E,https://www.gov.taipei/News_Content.aspx?n=EEC70A4186D4C828&sms=87415A8B9CE81B16&s=33274AB4226CAC8E
2026-09-25 02:29,異動,檢視時間,2026-05-07,臺北市政府衛生局健康管理科,為什麼要設負壓吸菸區?,33584768F9C44CFE,https://www.gov.taipei/News_Content.aspx?n=EEC70A4186D4C828&sms=87415A8B9CE81B16&s=33584768F9C44CFE
2026-09-25 02:29,異動,檢視時間,2012-12-31,臺北市勞動力重建運用處,移工在等待轉換雇主的期間，雇主仍然需要繳交就業安定費、給付薪資、負責安置等嗎？,3360FA17CA03F8A0,https://www.gov.taipei/News_Content.aspx?n=EEC70A4186D4C828&sms=87415A8B9CE81B16&s=3360FA17CA03F8A0
2026-09-25 02:29,異動,檢視時間,2026-01-06,臺北市政府衛生局疾病管制科,第二類及外國技術人力「定期健康檢查」後，後續處理流程為何？,337C31DBE2E6F788,https://www.gov.taipei/News_Content.aspx?n=EEC70A4186D4C828&sms=87415A8B9CE81B16&s=337C31DBE2E6F788
2026-09-25 02:29,異動,檢視時間,2011-01-26,臺北自來水事業處水質科,清洗水池水塔所需漂白水(次氯酸鈉)溶液配製說明,339277D99162DED7,https://www.gov.taipei/News_Content.aspx?n=EEC70A4186D4C828&sms=87415A8B9CE81B16&s=339277D99162DED7
2026-09-25 02:29,異動,檢視時間,2008-05-26,臺北市政府地政局土地登記科,如果繼承人因遺產分配始終無法達成協議或被繼承人之權狀尋覓不著或其他原因無法檢附，致擔憂該遺產可能被地政機關列冊管理，有無解決辦法？,33D4280BE00B9A8F,https://www.gov.taipei/News_Content.aspx?n=EEC70A4186D4C828&sms=87415A8B9CE81B16&s=33D4280BE00B9A8F
2026-09-25 02:29,異動,檢視時間,2008-11-12,臺北市政府地政局土地登記科,僅知道房屋門牌，可否查詢地、建號及申請謄本？,33D9764D35EB308D,https://www.gov.taipei/News_Content.aspx?n=EEC70A4186D4C828&sms=87415A8B9CE81B16&s=33D9764D35EB308D
2026-09-25 02:29,異動,更新時間、檢視時間,2025-08-26,臺北市立國樂團,如何加入附設樂團？,341480919BC17994,https://www.gov.taipei/News_Content.aspx?n=EEC70A4186D4C828&sms=87415A8B9CE81B16&s=341480919BC17994
2026-09-25 02:29,異動,檢視時間,2008-06-23,臺北市稅捐稽徵處機會稅科,承攬合約採實做實算未列示總金額者，應該如何繳納印花稅？,344B5C1E2F29C358,https://www.gov.taipei/News_Content.aspx?n=EEC70A4186D4C828&sms=87415A8B9CE81B16&s=344B5C1E2F29C358
2026-09-25 02:29,異動,檢視時間,2021-04-20,臺北市稅捐稽徵處機會稅科,電子契約是否要繳納印花稅？,3456C199FAD159E4,https://www.gov.taipei/News_Content.aspx?n=EEC70A4186D4C828&sms=87415A8B9CE81B16&s=3456C199FAD159E4
2026-09-25 02:29,異動,檢視時間,2011-11-30,臺北市政府地政局土地登記科,日據時期會社或組合名義登記之土地，部分股東之繼承人申請更正登記為全體股東所有時，得否不同時申請繼承登記？,347522E3CFBD74AD,https://www.gov.taipei/News_Content.aspx?n=EEC70A4186D4C828&sms=87415A8B9CE81B16&s=347522E3CFBD74AD
2026-09-25 02:29,異動,檢視時間,2012-12-30,臺北市勞動力重建運用處,要如何申請職場手語翻譯員?,34778E21CCCFC573,https://www.gov.taipei/News_Content.aspx?n=EEC70A4186D4C828&sms=87415A8B9CE81B16&s=34778E21CCCFC573
2026-09-25 02:29,異動,檢視時間,2026-05-07,臺北市政府衛生局健康管理科,「一橫一縱」為什麼吸菸區設在我家、店家或辦公大樓附近？,348929D2A3960442,https://www.gov.taipei/News_Content.aspx?n=EEC70A4186D4C828&sms=87415A8B9CE81B16&s=348929D2A3960442
2026-09-25 02:29,異動,檢視時間,2009-08-06,臺北市政府工務局衛生下水道工程處迪化污水處理廠,迪化污水處理廠附設休閒運動公園位於哪裡？如何前往？,34B08B91D9A200A9,https://www.gov.taipei/News_Content.aspx?n=EEC70A4186D4C828&sms=87415A8B9CE81B16&s=34B08B91D9A200A9
2026-09-25 02:29,異動,檢視時間,2017-09-01,臺北市政府地政局土地登記科,戶籍在臺北市並已在戶政事務所辦理印鑑登記，但不動產所在地位於其他縣市，申請人無法親自到場，可否比照臺北市作法，選擇免附印鑑證明措施?,34D8AB14ED3BE765,https://www.gov.taipei/News_Content.aspx?n=EEC70A4186D4C828&sms=87415A8B9CE81B16&s=34D8AB14ED3BE765
2026-09-25 02:29,異動,更新時間、檢視時間,2020-12-22,臺北市政府衛生局健康管理科,請問政府提供的免費癌症篩檢需要攜帶什麼證件?哪裏做篩檢?,34E9863379E39909,https://www.gov.taipei/News_Content.aspx?n=EEC70A4186D4C828&sms=87415A8B9CE81B16&s=34E9863379E39909
2026-09-25 02:29,異動,檢視時間,2012-12-28,臺北市政府勞動局就業安全科,我的老闆要求我在勞動（務）契約中簽立保證人的姓名及基本資料，並附證件，可不可以？這是合法的嗎？,35073F894BC5B1AE,https://www.gov.taipei/News_Content.aspx?n=EEC70A4186D4C828&sms=87415A8B9CE81B16&s=35073F894BC5B1AE
2026-09-25 02:29,異動,檢視時間,2020-04-21,臺北市稅捐稽徵處財產稅科,土地增值稅適用自用住宅用地稅率一生只有一次，本人及其配偶間應如何計算適用？,3508566CE956B1CA,https://www.gov.taipei/News_Content.aspx?n=EEC70A4186D4C828&sms=87415A8B9CE81B16&s=3508566CE956B1CA
2026-09-25 02:29,異動,檢視時間,2024-09-20,臺北大眾捷運股份有限公司,如何查詢捷運點餘額及使用紀錄？,3514624DB35F5979,https://www.gov.taipei/News_Content.aspx?n=EEC70A4186D4C828&sms=87415A8B9CE81B16&s=3514624DB35F5979
2026-09-25 02:29,異動,檢視時間,2015-03-26,臺北自來水事業處水質科,北水處如何確保直飲品質？,352473F0B48FE351,https://www.gov.taipei/News_Content.aspx?n=EEC70A4186D4C828&sms=87415A8B9CE81B16&s=352473F0B48FE351
2026-09-25 02:29,異動,檢視時間,2017-02-06,臺北市政府人事處考訓科,駕駛依勞動基準法第84條之1規定另行約定工時與休假的上限為何?,3524EF378AB26393,https://www.gov.taipei/News_Content.aspx?n=EEC70A4186D4C828&sms=87415A8B9CE81B16&s=3524EF378AB26393
2026-09-25 02:29,異動,檢視時間,2008-06-23,臺北市稅捐稽徵處企劃服務科,房子裡原本設有公司、行號，現在不做了，要怎麼辦停業、註銷？,3535CF7505AFA1A9,https://www.gov.taipei/News_Content.aspx?n=EEC70A4186D4C828&sms=87415A8B9CE81B16&s=3535CF7505AFA1A9
2026-09-25 02:29,異動,檢視時間,2017-05-05,臺北市政府財政局非公用財產管理科,市有閒置房地可否提供民眾使用？,353F6A74C6D8884D,https://www.gov.taipei/News_Content.aspx?n=EEC70A4186D4C828&sms=87415A8B9CE81B16&s=353F6A74C6D8884D
2026-09-25 02:29,異動,檢視時間,2011-04-21,臺北市政府工務局大地工程處,如何到內雙溪自然中心及藥用植物園參觀?,355B0F4B1FA0BD65,https://www.gov.taipei/News_Content.aspx?n=EEC70A4186D4C828&sms=87415A8B9CE81B16&s=355B0F4B1FA0BD65
2026-09-25 02:29,異動,檢視時間,2018-02-13,臺北市政府勞動局勞動基準科,13.房屋仲介業之不動產經紀人員（含業務主管人員）。14.室內設計裝修業之工地監造人員。以上適用勞動基準法第84條之1工作者，其工時限制為何?,356A2F0175CC4F1C,https://www.gov.taipei/News_Content.aspx?n=EEC70A4186D4C828&sms=87415A8B9CE81B16&s=356A2F0175CC4F1C
2026-09-25 02:29,異動,檢視時間,2014-07-03,臺北市政府勞動局職業安全衛生科,健康檢查結果如發現勞工有異常情形時，應如何處理？,3575687283D35BA9,https://www.gov.taipei/News_Content.aspx?n=EEC70A4186D4C828&sms=87415A8B9CE81B16&s=3575687283D35BA9
2026-09-25 02:29,異動,更新時間、檢視時間、下版日期,2026-08-29,臺北市孔廟管理委員會,請問祭孔大典籌備期間孔廟園區及展間開放嗎？,357B4240126E9673,https://www.gov.taipei/News_Content.aspx?n=EEC70A4186D4C828&sms=87415A8B9CE81B16&s=357B4240126E9673
2026-09-25 02:29,異動,檢視時間,2022-08-24,臺北市立動物園,為什麼撿到的動物或家中寵物不可以送給動物園？,358C78A73CA79A25,https://www.gov.taipei/News_Content.aspx?n=EEC70A4186D4C828&sms=87415A8B9CE81B16&s=358C78A73CA79A25
2026-09-25 02:29,異動,檢視時間,2026-04-08,臺北市稅捐稽徵處財產稅科,地段率如何評定?,35BF2EF979462288,https://www.gov.taipei/News_Content.aspx?n=EEC70A4186D4C828&sms=87415A8B9CE81B16&s=35BF2EF979462288
2026-09-25 02:29,異動,檢視時間,2011-07-29,臺北市稅捐稽徵處企劃服務科,請問稅捐處的網址？,35C206B4BAC0135F,https://www.gov.taipei/News_Content.aspx?n=EEC70A4186D4C828&sms=87415A8B9CE81B16&s=35C206B4BAC0135F
2026-09-25 02:29,異動,檢視時間,2011-04-27,臺北自來水事業處業務科,如何報修漏水？有何獎勵措施？報修漏水獎金領取方式？,35CD147EA881E8D7,https://www.gov.taipei/News_Content.aspx?n=EEC70A4186D4C828&sms=87415A8B9CE81B16&s=35CD147EA881E8D7
2026-09-25 02:29,異動,檢視時間,2012-12-28,臺北市政府勞動局勞動基準科,資遣費要扣稅嗎?,3613964105A58FEF,https://www.gov.taipei/News_Content.aspx?n=EEC70A4186D4C828&sms=87415A8B9CE81B16&s=3613964105A58FEF
2026-09-25 02:29,異動,更新時間、檢視時間,2020-11-11,臺北市政府警察局,我的家人失蹤了而且有自殺傾向怎麼辦?,3629BF91ECDDE046,https://www.gov.taipei/News_Content.aspx?n=EEC70A4186D4C828&sms=87415A8B9CE81B16&s=3629BF91ECDDE046
2026-09-25 02:29,異動,檢視時間,2010-11-10,臺北自來水事業處水質科,翡翠水庫(水源)的水質是否有定期檢驗?目前翡翠水庫的水質狀況如何?,364B1CFAE5BF3AD4,https://www.gov.taipei/News_Content.aspx?n=EEC70A4186D4C828&sms=87415A8B9CE81B16&s=364B1CFAE5BF3AD4
2026-09-25 02:29,異動,檢視時間,2011-01-01,臺北市政府人事處給與科,支領或兼領月退休金人員，再任有給職務應停止領受月退休金之情形？,3662AAA23FF6BE4C,https://www.gov.taipei/News_Content.aspx?n=EEC70A4186D4C828&sms=87415A8B9CE81B16&s=3662AAA23FF6BE4C
2026-09-25 02:29,異動,檢視時間,2026-01-05,臺北市政府環境保護局廢棄物處理管理科,115年緩衝期間，何種事業、產源產出之廢棄物種類可直接作為飼料用途餵養豬隻?,366AC742C06B0B85,https://www.gov.taipei/News_Content.aspx?n=EEC70A4186D4C828&sms=87415A8B9CE81B16&s=366AC742C06B0B85
2026-09-25 02:29,異動,檢視時間,2024-04-08,臺北市政府勞動局就業安全科,同性伴侶得否適用性別平等工作法第 20 條家庭照顧假之規定？,3672195F6027AA47,https://www.gov.taipei/News_Content.aspx?n=EEC70A4186D4C828&sms=87415A8B9CE81B16&s=3672195F6027AA47
2026-09-25 02:29,異動,檢視時間,2012-12-28,臺北市政府勞動局職業安全衛生科,如何報名職業安全衛生教育訓練課程？,368309317D8EBA7B,https://www.gov.taipei/News_Content.aspx?n=EEC70A4186D4C828&sms=87415A8B9CE81B16&s=368309317D8EBA7B
2026-09-25 02:29,異動,檢視時間,2008-06-23,臺北市稅捐稽徵處機會稅科,公益法人向會員收取入會費所立之收據，要不要繳納印花稅？,36AE82CCFD37CC13,https://www.gov.taipei/News_Content.aspx?n=EEC70A4186D4C828&sms=87415A8B9CE81B16&s=36AE82CCFD37CC13
2026-09-25 02:29,異動,檢視時間,2019-11-01,臺北市政府地政局地價科,申請不動產估價師開業登記申請方式及應檢附證明文件？,36C1754C05710DF9,https://www.gov.taipei/News_Content.aspx?n=EEC70A4186D4C828&sms=87415A8B9CE81B16&s=36C1754C05710DF9
2026-09-25 02:29,異動,檢視時間,2014-01-22,臺北市政府勞動局勞動基準科,「未分類社會服務業中之大廈管理委員會」是否適用勞動基準法？,36D1291C821C4BA6,https://www.gov.taipei/News_Content.aspx?n=EEC70A4186D4C828&sms=87415A8B9CE81B16&s=36D1291C821C4BA6
2026-09-25 02:29,異動,檢視時間,2017-11-06,臺北市政府消防局,想知道購買的房子是否為兇宅，但無報警紀錄，是否可查詢救護報案紀錄呢？,36D5B08948AAC8C1,https://www.gov.taipei/News_Content.aspx?n=EEC70A4186D4C828&sms=87415A8B9CE81B16&s=36D5B08948AAC8C1
2026-09-25 02:29,異動,檢視時間,2023-03-15,臺北自來水事業處業務科,簡訊帳單會顯示用水明細嗎？,36E00A655FB32CE0,https://www.gov.taipei/News_Content.aspx?n=EEC70A4186D4C828&sms=87415A8B9CE81B16&s=36E00A655FB32CE0
2026-09-25 02:29,異動,檢視時間,2024-03-31,臺北市立動物園,請問購買優待票需要出示什麼證件？,36E3EBEB7BAE05ED,https://www.gov.taipei/News_Content.aspx?n=EEC70A4186D4C828&sms=87415A8B9CE81B16&s=36E3EBEB7BAE05ED
2026-09-25 02:29,異動,更新時間、檢視時間,2016-10-31,臺北市政府民政局區政監督科,健保IC卡遺失應如何補辦新卡?,36E5D3158F6E2950,https://www.gov.taipei/News_Content.aspx?n=EEC70A4186D4C828&sms=87415A8B9CE81B16&s=36E5D3158F6E2950
2026-09-25 02:29,異動,檢視時間,2021-12-22,臺北市政府消防局,本市若遇火山噴發情形，相關應變措施為何？,36F05E761F7E8036,https://www.gov.taipei/News_Content.aspx?n=EEC70A4186D4C828&sms=87415A8B9CE81B16&s=36F05E761F7E8036
2026-09-25 02:29,異動,檢視時間,2010-06-15,臺北市政府地政局土地登記科,土地總登記時登記名義人之姓名、名稱或住址記載不全或不符之土地於清查公告後，該如何處理？,36FEF205D1D64D96,https://www.gov.taipei/News_Content.aspx?n=EEC70A4186D4C828&sms=87415A8B9CE81B16&s=36FEF205D1D64D96
2026-09-25 02:29,異動,檢視時間,2026-07-23,臺北市政府勞動局勞動教育文化科,請問失業勞工子女就學費用補助的申請時間為何？,3733A1219104E51D,https://www.gov.taipei/News_Content.aspx?n=EEC70A4186D4C828&sms=87415A8B9CE81B16&s=3733A1219104E51D
2026-09-25 02:29,異動,檢視時間,2019-06-27,臺北市政府工務局大地工程處,請問臺北步道全攻略哪邊可以購買?,3747269FC2E69E63,https://www.gov.taipei/News_Content.aspx?n=EEC70A4186D4C828&sms=87415A8B9CE81B16&s=3747269FC2E69E63
2026-09-25 02:29,異動,更新時間、檢視時間,2017-07-13,臺北市政府環境保護局環保稽查大隊,前往車行進行機車排氣定檢是否一定要帶行照？,374A2D5684482707,https://www.gov.taipei/News_Content.aspx?n=EEC70A4186D4C828&sms=87415A8B9CE81B16&s=374A2D5684482707
2026-09-25 02:29,異動,更新時間、檢視時間,2013-08-12,臺北市政府環境保護局資源循環管理科,廢日光燈管或廢玻璃容器如何回收？,37625B7E10B981DC,https://www.gov.taipei/News_Content.aspx?n=EEC70A4186D4C828&sms=87415A8B9CE81B16&s=37625B7E10B981DC
2026-09-25 02:29,異動,檢視時間,2024-07-11,臺北市政府勞動局就業安全科,我已在勞動局勞動即時通系統線上免登入申報送出資遣通報資料，請問這樣算是完成通報了嗎？,3774365F45B2792F,https://www.gov.taipei/News_Content.aspx?n=EEC70A4186D4C828&sms=87415A8B9CE81B16&s=3774365F45B2792F
2026-09-25 02:29,異動,更新時間、檢視時間,2018-06-21,臺北市政府社會局身心障礙者福利科,所有的福利服務都要接受需求評估嗎？,3786574669476F31,https://www.gov.taipei/News_Content.aspx?n=EEC70A4186D4C828&sms=87415A8B9CE81B16&s=3786574669476F31
2026-09-25 02:29,異動,檢視時間,2018-02-13,臺北市政府勞動局勞動基準科,8.法務部及所屬機關特種車輛駕駛。9.立法委員公務座車駕駛。以上適用勞動基準法第84條之1工作者，其工時限制為何?,37B72A5DA402C254,https://www.gov.taipei/News_Content.aspx?n=EEC70A4186D4C828&sms=87415A8B9CE81B16&s=37B72A5DA402C254
2026-09-25 02:29,異動,檢視時間,2010-06-15,臺北市政府地政局土地登記科,以「關聖帝君」、「天上聖母」等神祇名義登記之土地，如未能取得登記名義人與現使用寺廟或宗教性質法人為同一主體證明者，該如何處理？,37BE9E0884328E3C,https://www.gov.taipei/News_Content.aspx?n=EEC70A4186D4C828&sms=87415A8B9CE81B16&s=37BE9E0884328E3C
2026-09-25 02:29,異動,檢視時間,2021-07-01,臺北市政府地政局地價科,如果買賣雙方有多人時，其罰鍰分攤方式為何？,37CF7B5E28BF903B,https://www.gov.taipei/News_Content.aspx?n=EEC70A4186D4C828&sms=87415A8B9CE81B16&s=37CF7B5E28BF903B
2026-09-25 02:29,異動,更新時間、檢視時間,2018-01-05,臺北市政府環境保護局資源循環管理科,環保兩用袋有哪些規格及售價,37EF368D6D92FC23,https://www.gov.taipei/News_Content.aspx?n=EEC70A4186D4C828&sms=87415A8B9CE81B16&s=37EF368D6D92FC23
2026-09-25 02:29,異動,檢視時間,2009-09-28,臺北自來水事業處陽明營業分處,溫泉漏水了！如何處理？,3802F0C36B5BA711,https://www.gov.taipei/News_Content.aspx?n=EEC70A4186D4C828&sms=87415A8B9CE81B16&s=3802F0C36B5BA711
2026-09-25 02:29,異動,更新時間、檢視時間、內容(-7字),2024-01-02,臺北市政府衛生局健康管理科,兒童牙齒塗氟的補助對象、方式及醫療院所?,380B33EF33957A60,https://www.gov.taipei/News_Content.aspx?n=EEC70A4186D4C828&sms=87415A8B9CE81B16&s=380B33EF33957A60
2026-09-25 02:29,異動,更新時間、檢視時間,2019-10-22,臺北市政府民政局人口政策科,新住民會館地址、電話、服務時間及項目為何？,3830F47E22F5BABB,https://www.gov.taipei/News_Content.aspx?n=EEC70A4186D4C828&sms=87415A8B9CE81B16&s=3830F47E22F5BABB
2026-09-25 02:29,異動,檢視時間,2011-01-26,臺北自來水事業處水質科,家中自來水出現藥（異）味之【原因】及改善對策：,384965E9FCB186A1,https://www.gov.taipei/News_Content.aspx?n=EEC70A4186D4C828&sms=87415A8B9CE81B16&s=384965E9FCB186A1
2026-09-25 02:29,異動,檢視時間,2014-02-06,臺北自來水事業處供水科,請問北水處不銹鋼管材質為何?是否符合國家標準?,384CB4FC2ECC5EC5,https://www.gov.taipei/News_Content.aspx?n=EEC70A4186D4C828&sms=87415A8B9CE81B16&s=384CB4FC2ECC5EC5
2026-09-25 02:29,異動,更新時間、檢視時間,2018-06-20,臺北市政府社會局社會救助科,中低收入戶身心障礙者生活補助內容？,384E0C95A708AD6A,https://www.gov.taipei/News_Content.aspx?n=EEC70A4186D4C828&sms=87415A8B9CE81B16&s=384E0C95A708AD6A
2026-09-25 02:29,異動,檢視時間,2014-12-26,臺北市政府勞動局勞動基準科,月薪制勞工產假工資應如何計算？,3874F3A6068B1CDF,https://www.gov.taipei/News_Content.aspx?n=EEC70A4186D4C828&sms=87415A8B9CE81B16&s=3874F3A6068B1CDF
2026-09-25 02:29,異動,檢視時間,2012-12-28,臺北市政府勞動局勞動基準科,颱風停止上班期間，輪值人員出勤之待遇，是否仍適用勞動基準法第40條規定疑義 ？,3883E9581006C1D1,https://www.gov.taipei/News_Content.aspx?n=EEC70A4186D4C828&sms=87415A8B9CE81B16&s=3883E9581006C1D1
2026-09-25 02:29,異動,檢視時間,2012-12-28,臺北市政府勞動局就業安全科,什麼是「性傾向歧視」？,388FC1302B674F82,https://www.gov.taipei/News_Content.aspx?n=EEC70A4186D4C828&sms=87415A8B9CE81B16&s=388FC1302B674F82
2026-09-25 02:29,異動,檢視時間,2014-05-13,臺北市政府地政局土地登記科,地政士得執行那些業務？,389FDE644967CAB9,https://www.gov.taipei/News_Content.aspx?n=EEC70A4186D4C828&sms=87415A8B9CE81B16&s=389FDE644967CAB9
2026-09-25 02:29,異動,更新時間、檢視時間,2008-05-13,臺北市政府都市發展局,社子島地區開發目前都市計劃規劃進度如何？,38CFC0B27D1D8E39,https://www.gov.taipei/News_Content.aspx?n=EEC70A4186D4C828&sms=87415A8B9CE81B16&s=38CFC0B27D1D8E39
2026-09-25 02:29,異動,檢視時間,2013-04-01,臺北自來水事業處業務科,水費逾期未繳，違約金如何計算﹖多久會被停水﹖,390A62646B82B92A,https://www.gov.taipei/News_Content.aspx?n=EEC70A4186D4C828&sms=87415A8B9CE81B16&s=390A62646B82B92A
2026-09-25 02:29,異動,檢視時間,2012-12-28,臺北市政府勞動局就業安全科,什麼是「容貌歧視」？,39167A29E95F5472,https://www.gov.taipei/News_Content.aspx?n=EEC70A4186D4C828&sms=87415A8B9CE81B16&s=39167A29E95F5472
2026-09-25 02:29,異動,檢視時間,2024-10-25,臺北大眾捷運股份有限公司,優惠券要如何使用？,394897C8814F9BFC,https://www.gov.taipei/News_Content.aspx?n=EEC70A4186D4C828&sms=87415A8B9CE81B16&s=394897C8814F9BFC
2026-09-25 02:29,異動,更新時間、檢視時間,2008-10-24,臺北市政府環境保護局廢棄物處理場,環境保護局廢棄物處理場內設置之「回饋設施山豬窟游泳池館」開放時間？,3953D24D45FF8CEA,https://www.gov.taipei/News_Content.aspx?n=EEC70A4186D4C828&sms=87415A8B9CE81B16&s=3953D24D45FF8CEA
2026-09-25 02:29,異動,更新時間、檢視時間,2020-03-26,臺北市政府環境保護局水質病媒管制科,營建開發案工程，多大規模以上，要申報營建工地逕流廢水污染削減計畫？,398738427FD969AA,https://www.gov.taipei/News_Content.aspx?n=EEC70A4186D4C828&sms=87415A8B9CE81B16&s=398738427FD969AA
2026-09-25 02:29,異動,更新時間、檢視時間,2008-08-01,臺北市政府環境保護局環保稽查大隊,汽車防盜器及住家養狗產生噪音陳情事項，可以向哪一單位協助？,398AEAE49EA42C41,https://www.gov.taipei/News_Content.aspx?n=EEC70A4186D4C828&sms=87415A8B9CE81B16&s=398AEAE49EA42C41
2026-09-25 02:29,異動,更新時間、檢視時間,2019-08-20,臺北市政府衛生局心理衛生科,請問臺北市有哪些心理衛生服務的資源？,39B2B220B49CC0F9,https://www.gov.taipei/News_Content.aspx?n=EEC70A4186D4C828&sms=87415A8B9CE81B16&s=39B2B220B49CC0F9
2026-09-25 02:29,異動,檢視時間,2013-08-27,臺北市政府環境保護局廢棄物處理管理科,樹葉、花材、茶葉殘渣、咖啡殘渣、甘蔗渣、中藥殘渣並不是廚餘，可以回收嗎？,39C5FE6A748A86FF,https://www.gov.taipei/News_Content.aspx?n=EEC70A4186D4C828&sms=87415A8B9CE81B16&s=39C5FE6A748A86FF
2026-09-25 02:29,異動,檢視時間,2020-09-01,臺北市政府地政局土地登記科,最高限額抵押權之債權確定期日可以申請變更嗎？,39C82ACDE30D2E49,https://www.gov.taipei/News_Content.aspx?n=EEC70A4186D4C828&sms=87415A8B9CE81B16&s=39C82ACDE30D2E49
2026-09-25 02:29,異動,檢視時間,2009-09-28,臺北自來水事業處陽明營業分處,溫泉違章用水為何？有罰則嗎？,39CCA04456717F15,https://www.gov.taipei/News_Content.aspx?n=EEC70A4186D4C828&sms=87415A8B9CE81B16&s=39CCA04456717F15
2026-09-25 02:29,異動,檢視時間,2013-02-08,臺北市政府勞動局勞動基準科,事業單位招收技術生之報備疑義？,39D238F850F03EC8,https://www.gov.taipei/News_Content.aspx?n=EEC70A4186D4C828&sms=87415A8B9CE81B16&s=39D238F850F03EC8
2026-09-25 02:29,異動,檢視時間,2018-02-13,臺北市政府勞動局勞動基準科,30.事業單位自行僱用之警衛人員。31.稻穀收穫期從事稻穀之檢驗收購或烘乾作業之人員。以上適用勞動基準法第84條之1工作者，其工時限制為何?,39E45EF328CD54E3,https://www.gov.taipei/News_Content.aspx?n=EEC70A4186D4C828&sms=87415A8B9CE81B16&s=39E45EF328CD54E3
2026-09-25 02:29,異動,檢視時間,2016-12-16,臺北市政府勞動局勞動基準科,休息日當天，雇主是否應該要照給薪水？,3A4D22A97F3D8A07,https://www.gov.taipei/News_Content.aspx?n=EEC70A4186D4C828&sms=87415A8B9CE81B16&s=3A4D22A97F3D8A07
2026-09-25 02:29,異動,檢視時間,2014-02-07,臺北市政府環境保護局廢棄物處理管理科,過期食品、鹽、調味料或油品可以回收嗎？,3A5256E5D010581F,https://www.gov.taipei/News_Content.aspx?n=EEC70A4186D4C828&sms=87415A8B9CE81B16&s=3A5256E5D010581F
2026-09-25 02:29,異動,檢視時間,2013-05-07,臺北市政府消防局,自行車鑰匙遺失無法打開車鎖時怎麼辦？,3A74AF534D230F4D,https://www.gov.taipei/News_Content.aspx?n=EEC70A4186D4C828&sms=87415A8B9CE81B16&s=3A74AF534D230F4D
2026-09-25 02:29,異動,檢視時間,2011-06-07,臺北市政府人事處給與科,員工執行職務意外傷亡慰問金申請條件為何？,3A901ED415897AC7,https://www.gov.taipei/News_Content.aspx?n=EEC70A4186D4C828&sms=87415A8B9CE81B16&s=3A901ED415897AC7
2026-09-25 02:29,異動,檢視時間,2025-08-21,臺北市勞動力重建運用處,申請本市身心障礙者創業補助應準備哪些資料？,3A920CDF7ABA1BAD,https://www.gov.taipei/News_Content.aspx?n=EEC70A4186D4C828&sms=87415A8B9CE81B16&s=3A920CDF7ABA1BAD
2026-09-25 02:29,異動,檢視時間,2026-02-25,臺北市政府勞動局勞資關係科,如受僱者之工作時間，依勞動基準法第30條及第30條之1變形工時制度調整後致當日工作時間未達法定工作時間，是否仍可以申請補助？,3A9C3D3AE680AE3A,https://www.gov.taipei/News_Content.aspx?n=EEC70A4186D4C828&sms=87415A8B9CE81B16&s=3A9C3D3AE680AE3A
2026-09-25 02:29,異動,檢視時間,2020-11-03,臺北市政府環境保護局綜合企劃科,公害糾紛調處案件當事人撤回申請時，其已繳納費用是否能退還？,3AC76DCD4255418B,https://www.gov.taipei/News_Content.aspx?n=EEC70A4186D4C828&sms=87415A8B9CE81B16&s=3AC76DCD4255418B
2026-09-25 02:29,異動,檢視時間,2023-10-26,臺北市政府環境保護局木柵垃圾焚化廠,可以現金繳納木柵垃圾焚化廠垃圾代焚化處理費嗎?,3AD811CAE820CA23,https://www.gov.taipei/News_Content.aspx?n=EEC70A4186D4C828&sms=87415A8B9CE81B16&s=3AD811CAE820CA23
2026-09-25 02:29,異動,檢視時間,2020-09-01,臺北大眾捷運股份有限公司,開放寵物鳥上捷運，會不會感染禽流感，或有其他衛生問題？,3B1AF9A20CF71F9C,https://www.gov.taipei/News_Content.aspx?n=EEC70A4186D4C828&sms=87415A8B9CE81B16&s=3B1AF9A20CF71F9C
2026-09-25 02:29,異動,檢視時間,2024-10-21,臺北市政府勞動局勞動基準科,颱風假是假嗎？,3B298803467F985C,https://www.gov.taipei/News_Content.aspx?n=EEC70A4186D4C828&sms=87415A8B9CE81B16&s=3B298803467F985C
2026-09-25 02:29,異動,檢視時間,2015-10-05,臺北市交通管制工程處工程隊,請問該如何查詢臺北市禁停標線劃設之地點?,3B4BFFB8A27F18A6,https://www.gov.taipei/News_Content.aspx?n=EEC70A4186D4C828&sms=87415A8B9CE81B16&s=3B4BFFB8A27F18A6
2026-09-25 02:29,異動,更新時間、檢視時間,2018-06-25,臺北市政府社會局會計室,可否提供社會局近年來預算數？,3B4EAA8A2918A707,https://www.gov.taipei/News_Content.aspx?n=EEC70A4186D4C828&sms=87415A8B9CE81B16&s=3B4EAA8A2918A707
2026-09-25 02:29,異動,檢視時間,2008-09-25,臺北市政府消防局,溺水處置？,3B5D9F8767B3E60C,https://www.gov.taipei/News_Content.aspx?n=EEC70A4186D4C828&sms=87415A8B9CE81B16&s=3B5D9F8767B3E60C
2026-09-25 02:29,異動,檢視時間,2012-12-28,臺北市政府勞動局就業安全科,就業歧視有幾種？,3B5E572C236EA9EF,https://www.gov.taipei/News_Content.aspx?n=EEC70A4186D4C828&sms=87415A8B9CE81B16&s=3B5E572C236EA9EF
2026-09-25 02:29,異動,更新時間、檢視時間,2018-06-20,臺北市政府社會局社會救助科,低收入戶申請條件中，規定土地及房屋價值不得超過837萬元，若房子有貸款中，是否會扣除貸款額度？,3B79E62102668445,https://www.gov.taipei/News_Content.aspx?n=EEC70A4186D4C828&sms=87415A8B9CE81B16&s=3B79E62102668445
2026-09-25 02:29,異動,檢視時間,2018-01-05,臺北市政府捷運工程局,拆遷補償>捷運系統工程穿越公私有土地之上空或地下之法令依據？其使用空間範圍為何？是否有公告周知？穿越補償範圍之土地面積如何計算？,3B89F40D88F325B3,https://www.gov.taipei/News_Content.aspx?n=EEC70A4186D4C828&sms=87415A8B9CE81B16&s=3B89F40D88F325B3
2026-09-25 02:29,異動,檢視時間,2019-11-22,臺北市稅捐稽徵處稅務管理科,哪些稅目可以利用以自然人憑證、健保卡或行動裝置進行線上查繳稅？,3B8FE47889F6DD83,https://www.gov.taipei/News_Content.aspx?n=EEC70A4186D4C828&sms=87415A8B9CE81B16&s=3B8FE47889F6DD83
2026-09-25 02:29,異動,檢視時間,2013-03-15,臺北市勞動力重建運用處,申請職務再設計應具備哪些資格條件？,3B909B3559E69031,https://www.gov.taipei/News_Content.aspx?n=EEC70A4186D4C828&sms=87415A8B9CE81B16&s=3B909B3559E69031
2026-09-25 02:29,異動,檢視時間,2012-12-28,臺北市政府勞動局就業安全科,我去應徵工作，老闆要我繳交身分證影本，可以嗎？會不會被用在非法用途？,3BC7BC336A7957C4,https://www.gov.taipei/News_Content.aspx?n=EEC70A4186D4C828&sms=87415A8B9CE81B16&s=3BC7BC336A7957C4
2026-09-25 02:29,異動,更新時間、檢視時間,2008-06-27,臺北市政府環境保護局廢棄物處理場,廢棄物處理場內設置之回饋設施中健身房及舞蹈室開放時間？收費標準？,3C0159E60E4FEF4D,https://www.gov.taipei/News_Content.aspx?n=EEC70A4186D4C828&sms=87415A8B9CE81B16&s=3C0159E60E4FEF4D
2026-09-25 02:29,異動,更新時間、檢視時間,2018-06-27,臺北市政府社會局社會救助科,新住民可否申請「強化社會安全網－急難紓困方案(原馬上關懷)」？,3C06A79CBFD1B084,https://www.gov.taipei/News_Content.aspx?n=EEC70A4186D4C828&sms=87415A8B9CE81B16&s=3C06A79CBFD1B084
2026-09-25 02:29,異動,檢視時間,2014-01-22,臺北市政府勞動局就業安全科,生理假請假規定？若雇主要求員工請生理假時需提出證明，若無法提出時，雇主是否可要求請其他假別？,3C24490F2CA77BDE,https://www.gov.taipei/News_Content.aspx?n=EEC70A4186D4C828&sms=87415A8B9CE81B16&s=3C24490F2CA77BDE
2026-09-25 02:29,異動,檢視時間,2020-04-21,臺北市稅捐稽徵處財產稅科,公司所有的土地，出售時，可否適用優惠稅率？,3C2BACDA1CDDBE85,https://www.gov.taipei/News_Content.aspx?n=EEC70A4186D4C828&sms=87415A8B9CE81B16&s=3C2BACDA1CDDBE85
2026-09-25 02:29,異動,檢視時間,2010-06-15,臺北市政府地政局土地登記科,土地權利人或利害關係人如何得知土地是否為地籍清理之清查標的？政府是否會於清查公告時主動通知權利人？,3C38CB2584B37CB1,https://www.gov.taipei/News_Content.aspx?n=EEC70A4186D4C828&sms=87415A8B9CE81B16&s=3C38CB2584B37CB1
2026-09-25 02:29,異動,檢視時間,2018-08-23,臺北自來水事業處技術科,如何決定裝哪一型水表?因裝潢需要可否變更水表位置?標準的水表器差是多少?不同型式水表的計量差異是否不同?,3C414845693B6BCA,https://www.gov.taipei/News_Content.aspx?n=EEC70A4186D4C828&sms=87415A8B9CE81B16&s=3C414845693B6BCA
2026-09-25 02:29,異動,檢視時間,2009-10-05,臺北市政府工務局衛生下水道工程處營運管理科,污水管線漏接怎麼辦？已徵收之使用費可否退還？,3C46253745DC0F2B,https://www.gov.taipei/News_Content.aspx?n=EEC70A4186D4C828&sms=87415A8B9CE81B16&s=3C46253745DC0F2B
2026-09-25 02:29,異動,檢視時間,2026-07-29,臺北市勞動力重建運用處,外國人健康檢查分哪幾類？,3C4714A92902E670,https://www.gov.taipei/News_Content.aspx?n=EEC70A4186D4C828&sms=87415A8B9CE81B16&s=3C4714A92902E670
2026-09-25 02:29,異動,檢視時間,2012-07-17,臺北市政府地政局土地登記科,地政士能委託其他人申報登錄嗎?,3C58A36058EAB52F,https://www.gov.taipei/News_Content.aspx?n=EEC70A4186D4C828&sms=87415A8B9CE81B16&s=3C58A36058EAB52F
2026-09-25 02:29,異動,檢視時間,2026-07-23,臺北市政府勞動局勞動教育文化科,請問失業勞工子女就學費用補助申請審核流程及撥款方式為何?,3C70065D9C247F08,https://www.gov.taipei/News_Content.aspx?n=EEC70A4186D4C828&sms=87415A8B9CE81B16&s=3C70065D9C247F08
2026-09-25 02:29,異動,檢視時間,2009-09-28,臺北自來水事業處陽明營業分處,溫泉水的衛生標準為何？,3C86DFD52B4A6A97,https://www.gov.taipei/News_Content.aspx?n=EEC70A4186D4C828&sms=87415A8B9CE81B16&s=3C86DFD52B4A6A97
2026-09-25 02:29,異動,檢視時間,2020-04-21,臺北市稅捐稽徵處財產稅科,曾經出租給公司使用的房子，現在已變更為自用住宅用地，請問要多久以後出售，才可以申請優惠稅率課徵土地增值稅？,3C96F0220EF3FBE3,https://www.gov.taipei/News_Content.aspx?n=EEC70A4186D4C828&sms=87415A8B9CE81B16&s=3C96F0220EF3FBE3
2026-09-25 02:29,異動,檢視時間,2025-01-21,臺北市政府衛生局,請問「115年臺北市成人健康檢查加碼補助方案」是什麼？,3CC8D650356E74C6,https://www.gov.taipei/News_Content.aspx?n=EEC70A4186D4C828&sms=87415A8B9CE81B16&s=3CC8D650356E74C6
2026-09-25 02:29,異動,檢視時間,2019-06-24,臺北市政府消防局,手機在什麼情形下，會收不到「災防告警細胞廣播服務訊息」(簡稱CBS或PWS)？,3CE3A27BECF2A0AA,https://www.gov.taipei/News_Content.aspx?n=EEC70A4186D4C828&sms=87415A8B9CE81B16&s=3CE3A27BECF2A0AA
2026-09-25 02:29,異動,檢視時間,2009-06-01,臺北市稅捐稽徵處企劃服務科,年收入要多少金額才需要報稅？,3CEFE080DEB3C7AC,https://www.gov.taipei/News_Content.aspx?n=EEC70A4186D4C828&sms=87415A8B9CE81B16&s=3CEFE080DEB3C7AC
2026-09-25 02:29,異動,檢視時間,2016-12-16,臺北市政府勞動局勞動基準科,雇主是否要給勞工「工資明細」（薪資單）？,3D0DB4D1D83D078E,https://www.gov.taipei/News_Content.aspx?n=EEC70A4186D4C828&sms=87415A8B9CE81B16&s=3D0DB4D1D83D078E
2026-09-25 02:29,異動,檢視時間,2008-06-27,臺北市政府環境保護局木柵垃圾焚化廠,民眾參觀木柵焚化廠要如何申請？,3D3328CF300CD117,https://www.gov.taipei/News_Content.aspx?n=EEC70A4186D4C828&sms=87415A8B9CE81B16&s=3D3328CF300CD117
2026-09-25 02:29,異動,檢視時間,2008-09-25,臺北市政府消防局,昆蟲螫傷及咬傷之處置？,3D33F717FF005200,https://www.gov.taipei/News_Content.aspx?n=EEC70A4186D4C828&sms=87415A8B9CE81B16&s=3D33F717FF005200
2026-09-25 02:29,異動,檢視時間,2026-02-25,臺北市政府勞動局勞資關係科,雙親於同一公司工作，親自接送同一名子女，可以分別申請「育兒減少工時不減薪計畫」補助嗎？,3D4166056102DF26,https://www.gov.taipei/News_Content.aspx?n=EEC70A4186D4C828&sms=87415A8B9CE81B16&s=3D4166056102DF26
2026-09-25 02:29,異動,檢視時間,2014-09-17,臺北自來水事業處業務科,本處水費到便利超商繳納方式?,3D6EDBEAA59B1FE1,https://www.gov.taipei/News_Content.aspx?n=EEC70A4186D4C828&sms=87415A8B9CE81B16&s=3D6EDBEAA59B1FE1
2026-09-25 02:29,異動,檢視時間,2020-02-04,臺北市政府消防局,新興傳染性疾病注意事項?,3D7459CA95474214,https://www.gov.taipei/News_Content.aspx?n=EEC70A4186D4C828&sms=87415A8B9CE81B16&s=3D7459CA95474214
2026-09-25 02:29,異動,檢視時間,2008-06-23,臺北市稅捐稽徵處稅務管理科,是否可跨區（行政區）申請退稅？,3D77986148E3A9DD,https://www.gov.taipei/News_Content.aspx?n=EEC70A4186D4C828&sms=87415A8B9CE81B16&s=3D77986148E3A9DD
2026-09-25 02:29,異動,檢視時間,2020-05-01,臺北市政府勞動局就業安全科,公司實施減班休息，減少後薪資如何計算?,3D77A196990EF3B9,https://www.gov.taipei/News_Content.aspx?n=EEC70A4186D4C828&sms=87415A8B9CE81B16&s=3D77A196990EF3B9
2026-09-25 02:29,異動,檢視時間,2013-07-23,臺北市政府地政局地價科,住宅價格指數會不會影響未來公告土地現值的調整？,3DC0BC40F1E27D34,https://www.gov.taipei/News_Content.aspx?n=EEC70A4186D4C828&sms=87415A8B9CE81B16&s=3DC0BC40F1E27D34
2026-09-25 02:29,異動,檢視時間,2010-05-19,臺北市稅捐稽徵處企劃服務科,訴訟和解後的賠償費用需要列入所得稅申報嗎？,3DC1E1055038622A,https://www.gov.taipei/News_Content.aspx?n=EEC70A4186D4C828&sms=87415A8B9CE81B16&s=3DC1E1055038622A
2026-09-25 02:29,異動,檢視時間,2024-03-31,臺北市立動物園,領隊導遊有優待嗎？,3DC45B2D24C0A479,https://www.gov.taipei/News_Content.aspx?n=EEC70A4186D4C828&sms=87415A8B9CE81B16&s=3DC45B2D24C0A479
2026-09-25 02:29,異動,檢視時間,2012-12-31,臺北市勞動力重建運用處,要幫外籍家庭看護工排年假嗎？1年應該排幾天呢？,3DF4CE6148DD52FA,https://www.gov.taipei/News_Content.aspx?n=EEC70A4186D4C828&sms=87415A8B9CE81B16&s=3DF4CE6148DD52FA
2026-09-25 02:29,異動,檢視時間,2013-12-31,臺北市政府勞動局勞動基準科,雇主一定要設置出勤紀錄嗎？,3DF4D8AF78ADAED4,https://www.gov.taipei/News_Content.aspx?n=EEC70A4186D4C828&sms=87415A8B9CE81B16&s=3DF4D8AF78ADAED4
2026-09-25 02:29,異動,檢視時間,2011-10-21,臺北市政府人事處考訓科,免刷卡首長駕駛加班應如何管理？,3DFFE73BCC3648A0,https://www.gov.taipei/News_Content.aspx?n=EEC70A4186D4C828&sms=87415A8B9CE81B16&s=3DFFE73BCC3648A0
2026-09-25 02:29,異動,檢視時間,2026-01-02,臺北市政府衛生局疾病管制科,有關浴池及游泳池水質酸鹼值及餘氯多久要檢測1次？,3E4123997708F1F0,https://www.gov.taipei/News_Content.aspx?n=EEC70A4186D4C828&sms=87415A8B9CE81B16&s=3E4123997708F1F0
2026-09-25 02:29,異動,檢視時間,2016-01-26,臺北市政府地政局土地開發科,被徵收之土地或土地改良物，所有權人死亡未辦繼承登記，其徵收補償費應如何領取？,3E4941986E090201,https://www.gov.taipei/News_Content.aspx?n=EEC70A4186D4C828&sms=87415A8B9CE81B16&s=3E4941986E090201
2026-09-25 02:29,異動,檢視時間,2026-07-29,臺北市勞動力重建運用處,臺北市移工健檢的指定醫院有哪些？,3E58748917E37222,https://www.gov.taipei/News_Content.aspx?n=EEC70A4186D4C828&sms=87415A8B9CE81B16&s=3E58748917E37222
2026-09-25 02:29,異動,更新時間、檢視時間,2010-02-04,臺北市政府環境保護局空污噪音防制科,如何申請電磁波檢測？,3E762B9EB0DEFD74,https://www.gov.taipei/News_Content.aspx?n=EEC70A4186D4C828&sms=87415A8B9CE81B16&s=3E762B9EB0DEFD74
2026-09-25 02:29,異動,檢視時間,2018-06-28,臺北市政府消防局,臺北市災害應變中心開設時，可從何處取得災害防救資訊及即時災情資訊？,3E780F5EA0E6A160,https://www.gov.taipei/News_Content.aspx?n=EEC70A4186D4C828&sms=87415A8B9CE81B16&s=3E780F5EA0E6A160
2026-09-25 02:29,異動,檢視時間,2010-01-24,臺北市政府工務局衛生下水道工程處,各污水廠回饋區域範圍劃分及回饋經費分配比例如何？,3E8CD19355B7F113,https://www.gov.taipei/News_Content.aspx?n=EEC70A4186D4C828&sms=87415A8B9CE81B16&s=3E8CD19355B7F113
2026-09-25 02:29,異動,檢視時間,2026-04-08,臺北市稅捐稽徵處財產稅科,納稅義務人不服其房屋被認定為高級住宅，如何申訴？,3E90A971D77DC41E,https://www.gov.taipei/News_Content.aspx?n=EEC70A4186D4C828&sms=87415A8B9CE81B16&s=3E90A971D77DC41E
2026-09-25 02:29,異動,檢視時間,2018-07-03,臺北市政府環境保護局氣候變遷管理科,全球暖化及氣候變遷對環境有何衝擊影響？,3EA612CF1C9C0868,https://www.gov.taipei/News_Content.aspx?n=EEC70A4186D4C828&sms=87415A8B9CE81B16&s=3EA612CF1C9C0868
2026-09-25 02:29,異動,檢視時間,2018-02-06,臺北市政府地政局土地登記科,禁治產人(受監護宣告人)如何買賣不動產?,3EDF5933415E5173,https://www.gov.taipei/News_Content.aspx?n=EEC70A4186D4C828&sms=87415A8B9CE81B16&s=3EDF5933415E5173
2026-09-25 02:29,異動,檢視時間,2026-04-08,臺北市稅捐稽徵處財產稅科,房屋供家庭副業使用，應如何課徵房屋稅?,3EF5F9B904AD887A,https://www.gov.taipei/News_Content.aspx?n=EEC70A4186D4C828&sms=87415A8B9CE81B16&s=3EF5F9B904AD887A
2026-09-25 02:29,異動,檢視時間,2024-12-18,臺北大眾捷運股份有限公司,如何將捷運點交換至合作店家？,3F1F0C8E50BFCE8C,https://www.gov.taipei/News_Content.aspx?n=EEC70A4186D4C828&sms=87415A8B9CE81B16&s=3F1F0C8E50BFCE8C
