時間,開始時間,結束時間,來源,模式,抓法,併發,限速ms,範圍,站上筆數,已下載,缺,新增,異動,下架,復原,處理筆數,請求數,清單請求,內文請求,被擋,錯誤,耗時秒,每筆毫秒,請求每秒,等伺服器ms,傳輸ms,解析ms,抓下MB,原始MB,需要KB,需要最小B,需要最大B,壓縮率%,有效率%,延遲p50ms,延遲p95ms,備註
2026-09-12 13:48,2026-09-12 13:47,2026-09-12 13:48,GitHub,補齊,,,,,8304,8304,0,0,0,0,0,,48,,,0,,24.3,506,,,,,16.1,,,,,,,,,
2026-09-12 21:04,2026-09-12 21:03,2026-09-12 21:04,本機,補齊,,,,,,8312,,0,0,0,0,,5,,,0,,13.0,2596,,,,,1.0,,,,,,,,,探測 2842ms，站方正在限流
2026-09-12 21:07,2026-09-12 21:04,2026-09-12 21:07,本機,補齊,,,,,8304,8312,-8,0,0,0,0,,47,,,0,,156.4,3328,,,,,15.7,,,,,,,,,
2026-09-12 21:09,2026-09-12 21:08,2026-09-12 21:09,本機,補齊,,,,,8304,8303,1,0,0,9,0,,56,,,0,,24.0,429,,,,,15.7,,,,,,,,,
2026-09-12 21:10,2026-09-12 21:09,2026-09-12 21:10,本機,補齊,,,,,8304,8303,1,0,0,0,0,,48,,,0,,21.6,450,,,,,16.1,,,,,,,,,
2026-09-12 21:12,2026-09-12 21:11,2026-09-12 21:12,本機,補齊,,,,,8304,8304,0,0,0,0,0,,48,,,0,,16.2,338,,,,,16.1,,,,,,,,,
2026-09-12 21:18,2026-09-12 21:17,2026-09-12 21:18,本機,補齊,,,,,8304,8304,0,0,0,0,0,,48,,,0,,16.0,333,,,,,16.1,,,,,,,,,
2026-09-12 21:56,2026-09-12 21:55,2026-09-12 21:56,本機,補齊,,,,,8304,8304,0,0,0,0,0,,48,,,0,,16.0,333,,,,,16.1,,,,,,,,,
2026-09-12 22:08,2026-09-12 22:07,2026-09-12 22:08,本機,效能測試,E・直接抓・併發 3　★建議,3,333,前 30 筆,8304,8304,0,0,0,0,0,30,36,6,30,0,0,19.3,643,1.87,1023,27,0.41,1.89,6.83,17.8,,,27.7,0.92,1087,2136,
2026-09-12 22:13,2026-09-12 22:12,2026-09-12 22:13,本機,效能測試,F・直接抓・併發 8,8,333,前 12 筆,8304,8304,0,0,0,0,0,12,18,6,12,0,0,9.1,759,1.98,320,161,0.43,0.95,3.42,6.2,,,27.7,0.64,400,2600,
2026-09-12 22:13,2026-09-12 22:12,2026-09-12 22:13,本機,效能測試,B・直接抓・循序,1,333,前 300 筆,8304,8304,0,0,0,0,0,14,21,7,14,0,0,6.7,481,3.12,41,9,0.38,1.69,4.28,6.7,,,39.5,0.39,36,53,中斷：使用者按了停止
2026-09-12 22:48,2026-09-12 22:47,2026-09-12 22:48,本機,全站,E・直接抓・併發 3　★建議,3,333,全部,8304,8304,0,0,0,0,0,7,55,48,7,0,0,18.1,2586,3.04,121,30,0.44,15.73,17.37,4.6,,,90.6,0.03,135,374,中斷：使用者按了停止
2026-09-13 00:58,2026-09-13 00:51,2026-09-13 00:58,GitHub,補齊+複查,B・直接抓・循序,1,333,全部,8304,8304,0,0,2,0,0,500,548,48,500,0,0,377.8,756,1.45,616,33,0.61,41.83,110.52,368.0,,,37.9,0.86,290,2273,
2026-09-13 14:35,2026-09-13 14:34,2026-09-13 14:35,本機,效能測試,B・直接抓・循序,1,333,前 100 筆,8304,8304,0,0,0,0,0,0,5,0,5,0,0,11.6,0,0.43,2047,221,0,0.26,0.95,0.0,,,27.7,0.0,2318,2930,探測 2319ms，站方正在限流
2026-09-13 14:50,2026-09-13 14:49,2026-09-13 14:50,本機,全站,E・直接抓・併發 3　★建議,3,333,全部,8304,8304,0,0,0,0,0,104,152,48,104,0,0,50.4,484,3.02,40,21,0.38,20.82,35.66,74.9,174,6732,58.4,0.35,48,110,中斷：使用者按了停止
2026-09-13 14:50,2026-09-13 14:42,2026-09-13 14:50,本機,全站,E・直接抓・併發 3　★建議,3,333,全部,8304,8304,0,0,0,0,0,475,523,48,475,0,0,453.8,955,1.15,1774,135,0.39,40.86,105.79,387.3,108,22061,38.6,0.93,2113,3170,中斷：使用者按了停止
2026-09-13 16:15,2026-09-13 14:55,2026-09-13 16:15,本機,全站,C・直接抓・循序・關掉 gzip,1,333,全部,8304,8304,0,0,0,0,0,3037,3086,48,3038,1,0,4741.1,1561,0.65,1295,192,0.4,589.99,589.99,2405.5,108,22061,100.0,0.4,1219,3217,中斷：使用者按了停止
2026-09-13 16:15,2026-09-13 16:14,2026-09-13 16:15,本機,全站,E・直接抓・併發 3　★建議,3,333,全部,8304,8304,0,0,0,0,0,0,5,0,5,0,0,7.1,0,0.7,1314,25,0,0.26,0.95,0.0,,,27.7,0.0,1096,3100,探測 1096ms，站方正在限流
2026-09-13 16:16,2026-09-13 16:15,2026-09-13 16:16,本機,補齊,E・直接抓・併發 3　★建議,3,333,全部,8304,8304,0,0,0,0,0,0,6,0,6,0,0,5.9,0,1.01,757,20,0,0.62,1.31,0.0,,,47.2,0.0,58,4164,中斷：使用者按了停止
2026-09-13 17:56,2026-09-13 16:15,2026-09-13 17:56,本機,全站,E・直接抓・併發 3　★建議,3,333,全部,8304,8304,0,0,9,0,0,8265,8313,48,8265,0,0,6008.8,727,1.38,1709,280,0.38,452.64,1577.71,6009.3,106,22061,28.7,1.3,2113,3134,
2026-09-13 21:45,2026-09-13 21:44,2026-09-13 21:45,本機,全站,E・直接抓・併發 3　★建議,3,333,全部,8304,8304,0,0,0,0,0,0,5,0,5,0,0,12.6,0,0.4,2454,30,0,0.26,0.95,0.0,,,27.7,0.0,3288,3822,探測 3288ms，站方正在限流
2026-09-13 23:23,2026-09-13 21:46,2026-09-13 23:23,本機,全站,E・直接抓・併發 3　★建議,3,333,全部,8304,8304,0,0,0,0,0,8265,8313,48,8265,0,0,5798.7,702,1.43,1699,249,0.4,452.64,1577.72,6009.3,106,22061,28.7,1.3,1896,3609,
2026-09-14 01:23,2026-09-14 01:20,2026-09-14 01:23,GitHub,補齊+複查,B・直接抓・循序,1,333,全部,8304,8304,0,0,0,0,0,0,5,0,5,0,0,139.9,0,0.04,8722,150,0,0.26,0.95,0.0,,,27.7,0.0,8908,16699,探測 38601ms，站方正在限流
2026-09-14 01:47,2026-09-14 01:45,2026-09-14 01:47,GitHub,全站,B・直接抓・循序,1,333,全部,8304,8304,0,0,0,0,0,0,5,0,5,0,0,82.7,0,0.06,10123,152,0,0.26,0.95,0.0,,,27.7,0.0,11457,23350,探測 11505ms，站方正在限流
2026-09-15 03:24,2026-09-15 03:07,2026-09-15 03:24,GitHub,補齊+複查,B・直接抓・循序,1,333,全部,8305,8305,0,1,42,0,0,500,550,48,502,2,0,1003.5,2007,0.55,1607,209,0.61,42.07,110.63,384.5,157,22061,38.0,0.89,1499,3529,
2026-09-16 02:02,2026-09-16 02:01,2026-09-16 02:02,GitHub,補齊+複查,B・直接抓・循序,1,333,全部,8305,8305,0,0,0,0,0,0,5,0,5,0,0,9.6,0,0.52,1799,92,0,0.26,0.95,0.0,,,27.7,0.0,2264,2489,探測 2264ms，站方正在限流
2026-09-17 02:01,2026-09-17 02:00,2026-09-17 02:01,GitHub,補齊+複查,B・直接抓・循序,1,333,全部,8305,8305,0,0,0,0,0,0,5,0,5,0,0,10.2,0,0.49,2005,14,0,0.26,0.95,0.0,,,27.7,0.0,2262,2921,探測 2262ms，站方正在限流
2026-09-18 02:02,2026-09-18 02:01,2026-09-18 02:02,GitHub,補齊+複查,B・直接抓・循序,1,333,全部,8305,8305,0,0,0,0,0,0,5,0,5,0,0,9.8,0,0.51,1898,45,0,0.26,0.95,0.0,,,27.7,0.0,2187,2937,探測 2188ms，站方正在限流
2026-09-19 01:35,2026-09-19 01:34,2026-09-19 01:35,GitHub,補齊+複查,B・直接抓・循序,1,333,全部,8305,8305,0,0,0,0,0,0,5,0,5,0,0,10.8,0,0.46,2126,6,0,0.26,0.95,0.0,,,27.7,0.0,2236,2251,探測 2236ms，站方正在限流
2026-09-20 01:05,2026-09-20 01:04,2026-09-20 01:05,GitHub,補齊+複查,B・直接抓・循序,1,333,全部,8305,8305,0,0,0,0,0,0,5,0,5,0,0,8.7,0,0.57,1721,11,0,0.26,0.95,0.0,,,27.7,0.0,2215,2229,探測 2215ms，站方正在限流
2026-09-21 01:21,2026-09-21 01:20,2026-09-21 01:21,GitHub,補齊+複查,B・直接抓・循序,1,333,全部,8305,8305,0,0,0,0,0,0,5,0,5,0,0,43.9,0,0.11,8645,109,0,0.26,0.95,0.0,,,27.7,0.0,8919,17582,探測 8919ms，站方正在限流
2026-09-22 03:22,2026-09-22 03:08,2026-09-22 03:22,GitHub,補齊+複查,B・直接抓・循序,1,333,全部,8314,8314,0,11,104,2,0,510,562,48,514,4,0,785.6,1540,0.72,1236,140,0.62,42.21,112.39,347.1,108,5388,37.6,0.8,453,3629,
2026-09-23 02:00,2026-09-23 01:59,2026-09-23 02:00,GitHub,補齊+複查,B・直接抓・循序,1,333,全部,8314,8314,0,0,0,0,0,0,5,0,5,0,0,10.7,0,0.47,1419,709,0,0.26,0.95,0.0,,,27.7,0.0,1950,3003,探測 1950ms，站方正在限流
2026-09-24 02:20,2026-09-24 02:19,2026-09-24 02:20,GitHub,補齊+複查,B・直接抓・循序,1,333,全部,8314,8314,0,0,0,0,0,0,5,0,5,0,0,9.8,0,0.51,1931,8,0,0.26,0.95,0.0,,,27.7,0.0,2215,3218,探測 2215ms，站方正在限流
2026-09-24 22:44,2026-09-24 22:43,2026-09-24 22:44,本機,全站,E・直接抓・併發 3　★建議,3,333,全部,8304,8304,0,0,0,0,0,0,5,0,5,0,0,11.1,0,0.45,2156,32,0,0.26,0.95,0.0,,,27.7,0.0,2136,2428,探測 2136ms，站方正在限流
2026-09-24 22:51,2026-09-24 22:50,2026-09-24 22:51,本機,效能測試,B・直接抓・循序,1,333,前 12 筆,8323,8310,13,6,6,0,0,12,19,7,12,0,0,10.3,856,1.85,331,19,0.4,1.01,3.62,10.3,399,1965,27.9,1.0,79,2103,
2026-09-24 23:48,2026-09-24 23:47,2026-09-24 23:48,本機,RSS快更,B・直接抓・循序,1,333,全部,8304,8319,-15,9,2,0,0,11,18,7,11,0,0,20.6,1875,0.87,1019,28,0.45,0.93,3.3,13.2,220,5388,28.2,1.39,1093,2123,
2026-09-24 23:48,2026-09-24 23:47,2026-09-24 23:48,本機,RSS快更,B・直接抓・循序,1,333,全部,8304,8319,-15,0,0,0,0,1,8,7,1,0,0,2.5,2459,3.25,57,10,0.59,0.4,1.41,1.4,1410,1410,28.5,0.34,40,297,
2026-09-24 23:49,2026-09-24 23:48,2026-09-24 23:49,本機,補齊,B・直接抓・循序,1,333,全部,8323,8323,0,6,0,2,0,6,57,49,8,2,0,33.5,5590,1.7,324,18,0.45,15.75,17.4,4.3,429,1237,90.5,0.03,49,2132,
2026-09-25 02:29,2026-09-25 02:19,2026-09-25 02:29,GitHub,補齊+複查,B・直接抓・循序,1,333,全部,8323,8323,0,9,165,0,0,508,558,48,510,2,0,560.5,1103,1.0,873,102,0.49,42.3,112.08,386.9,134,9134,37.7,0.89,383,2490,
2026-09-25 06:49,2026-09-25 06:48,2026-09-25 06:49,本機,全站,E・直接抓・併發 3　★建議,3,333,全部,8323,8323,0,0,0,0,0,85,134,49,85,0,0,44.4,522,3.02,119,9,0.37,19.89,32.28,57.6,185,5388,61.6,0.28,121,193,中斷：使用者按了停止
2026-09-25 07:50,2026-09-25 06:48,2026-09-25 07:50,本機,全站,E・直接抓・併發 3　★建議,3,333,全部,8323,8323,0,0,3061,0,0,8284,8335,49,8286,2,0,3687.7,445,2.26,791,51,0.38,453.71,1581.56,6030.5,106,22061,28.7,1.3,167,2162,
2026-09-25 17:23,2026-09-25 17:22,2026-09-25 17:23,本機,效能測試,B・直接抓・循序,1,333,前 10 筆,8323,8323,0,0,0,0,0,10,17,7,10,0,0,41.1,4112,0.41,1894,511,0.43,0.9,3.24,9.4,416,1965,27.9,1.02,1952,5594,
2026-09-25 17:23,2026-09-25 17:22,2026-09-25 17:23,本機,效能測試,B・直接抓・循序,1,333,前 10 筆,8323,8323,0,0,0,0,0,10,17,7,10,0,0,5.6,556,3.06,45,29,0.44,0.9,3.24,9.4,416,1965,27.9,1.02,61,297,
2026-09-25 19:14,2026-09-25 17:24,2026-09-25 19:14,本機,全站,E・直接抓・併發 3　★建議,3,333,全部,8323,8323,0,0,0,0,0,8284,8333,49,8284,0,0,6571.1,793,1.27,1883,380,0.39,453.7,1581.53,6030.5,106,22061,28.7,1.3,2129,3797,
2026-09-26 02:24,2026-09-26 02:20,2026-09-26 02:24,GitHub,補齊+複查,B・直接抓・循序,1,333,全部,8323,8323,0,0,180,0,0,500,549,48,501,1,0,193.0,386,2.84,270,28,0.33,41.71,110.52,364.8,126,4304,37.7,0.85,277,418,
2026-09-26 23:06,2026-09-26 19:26,2026-09-26 23:06,本機,全站,E・直接抓・併發 3　★建議,3,333,全部,8323,8323,0,0,0,0,0,2095,2154,49,2105,10,6268,13143.7,6274,0.16,1708,224,0.39,127.46,412.04,1692.6,108,22061,30.9,1.3,2107,3102,中斷：使用者按了停止
2026-09-27 01:55,2026-09-27 01:39,2026-09-27 01:55,GitHub,補齊+複查,B・直接抓・循序,1,333,全部,8323,8323,0,0,0,0,0,499,550,49,501,2,0,901.0,1806,0.61,1402,225,0.63,42.09,110.66,386.1,157,22061,38.0,0.9,1445,3485,
2026-09-27 23:59,2026-09-27 22:42,2026-09-27 23:59,GitHub,全站,E・直接抓・併發 3　★建議,3,333,全部,8323,8323,0,0,0,0,0,8284,8333,49,8284,0,0,4610.7,557,1.81,1050,234,0.63,453.68,1581.53,6009.9,106,21662,28.7,1.29,461,3017,
2026-09-28 07:47,2026-09-28 07:00,2026-09-28 07:47,GitHub,全站,E・直接抓・併發 3　★建議,3,333,全部,8322,8323,-1,0,0,0,0,8283,8336,49,8287,4,0,2793.7,337,2.98,260,19,0.5,453.64,1581.37,6008.8,106,21662,28.7,1.29,255,335,
2026-09-29 08:45,2026-09-29 07:00,2026-09-29 08:45,GitHub,全站,E・直接抓・併發 3　★建議,3,333,全部,8319,8320,-1,0,27,3,0,8280,8335,49,8286,5,0,6268.9,757,1.33,1739,384,0.65,453.54,1581.0,6007.4,106,21662,28.7,1.29,2448,3513,
2026-09-30 08:33,2026-09-30 07:00,2026-09-30 08:33,GitHub,全站,E・直接抓・併發 3　★建議,3,333,全部,8320,8320,0,2,1673,2,0,8281,8335,49,8286,5,0,5567.4,672,1.5,1569,297,0.63,453.61,1580.99,6008.5,106,21662,28.7,1.29,1921,3518,
2026-10-01 08:50,2026-10-01 07:00,2026-10-01 08:50,GitHub,全站,E・直接抓・併發 3　★建議,3,333,全部,8317,8317,0,1,761,4,0,8278,8332,49,8283,5,0,6614.3,799,1.26,1835,417,0.64,454.5,1582.91,6007.4,106,21662,28.7,1.29,2463,3614,
2026-10-02 08:35,2026-10-02 07:00,2026-10-02 08:35,GitHub,全站,E・直接抓・併發 3　★建議,3,333,全部,8329,8329,0,12,875,0,0,8290,8339,49,8290,0,0,5661.8,683,1.47,1494,322,0.5,455.13,1585.2,6012.4,106,21662,28.7,1.29,2403,3146,
2026-10-03 08:37,2026-10-03 07:00,2026-10-03 08:37,GitHub,全站,E・直接抓・併發 3　★建議,3,333,全部,8329,8329,0,0,463,1,1,8290,8352,49,8303,13,0,5780.9,697,1.44,1583,299,0.35,455.17,1585.25,6012.7,106,21662,28.7,1.29,2390,3409,
2026-10-04 08:42,2026-10-04 07:00,2026-10-04 08:42,GitHub,全站,E・直接抓・併發 3　★建議,3,333,全部,8329,8329,0,0,8,0,0,8290,8339,49,8290,0,0,6072.9,733,1.37,1645,348,0.5,455.09,1585.2,6012.8,106,21662,28.7,1.29,2443,3498,
2026-10-05 08:52,2026-10-05 07:00,2026-10-05 08:52,GitHub,全站,E・直接抓・併發 3　★建議,3,333,全部,8328,8329,-1,0,85,0,0,8289,8341,49,8292,2,0,6719.3,811,1.24,1891,404,0.34,455.11,1585.21,6012.0,106,21662,28.7,1.29,2494,3475,
2026-10-06 08:33,2026-10-06 07:00,2026-10-06 08:33,GitHub,全站,E・直接抓・併發 3　★建議,3,333,全部,8330,8330,0,1,544,1,1,8291,8341,49,8292,1,0,5534.7,668,1.51,1458,345,0.5,455.22,1585.41,6014.6,106,21662,28.7,1.29,1940,3095,
2026-10-07 08:43,2026-10-07 07:00,2026-10-07 08:43,GitHub,全站,E・直接抓・併發 3　★建議,3,333,全部,8330,8330,0,0,707,0,0,8291,8341,49,8292,1,0,6135.6,740,1.36,1741,349,0.64,455.22,1585.39,6014.6,106,21662,28.7,1.29,2399,3365,
2026-10-08 09:01,2026-10-08 07:00,2026-10-08 09:01,GitHub,全站,E・直接抓・併發 3　★建議,3,333,全部,8329,8329,0,0,115,2,1,8290,8341,49,8292,2,0,7254.3,875,1.15,2047,464,0.63,455.13,1585.21,6013.5,106,21662,28.7,1.29,2640,3648,
